symbol,timestamp,open,high,low,close,volume,trade_index
SPY,2025-11-12T08:00:00Z,684.03,685.73,683,685.35,103683,1
SPY,2025-11-12T08:05:00Z,685.37,685.54,681.44,685.47,24688,2
SPY,2025-11-12T08:10:00Z,685.46,685.48,685.35,685.41,11870,3
SPY,2025-11-12T08:15:00Z,685.45,685.52,685.3,685.3,6612,4
SPY,2025-11-12T08:20:00Z,685.32,685.38,685.15,685.21,16283,5
SPY,2025-11-12T08:25:00Z,685.21,685.27,685.09,685.16,11523,6
SPY,2025-11-12T08:30:00Z,685.16,685.22,685.07,685.105,8285,7
SPY,2025-11-12T08:35:00Z,685.12,685.38,683.74,685.24,20414,8
SPY,2025-11-12T08:40:00Z,685.235,685.4,685.14,685.19,11972,9
SPY,2025-11-12T08:45:00Z,685.14,685.27,683,685.23,20396,10
SPY,2025-11-12T08:50:00Z,685.25,685.4,685.225,685.32,13766,11
SPY,2025-11-12T08:55:00Z,685.335,685.38,685.19,685.23,4863,12
SPY,2025-11-12T09:00:00Z,685.22,685.24,684.98,685.04,15478,13
SPY,2025-11-12T09:05:00Z,685.03,685.05,684.88,684.98,9806,14
SPY,2025-11-12T09:10:00Z,684.96,685.1,684.93,685.03,14465,15
SPY,2025-11-12T09:15:00Z,685.01,685.1,684.9805,685.05,11668,16
SPY,2025-11-12T09:20:00Z,685.05,685.2,684.92,685.11,9640,17
SPY,2025-11-12T09:25:00Z,685.09,685.17,684.77,684.82,36454,18
SPY,2025-11-12T09:30:00Z,684.79,684.87,683.935,684.23,1581912,19
SPY,2025-11-12T09:35:00Z,684.23,684.96,684.19,684.805,1161040,20
SPY,2025-11-12T09:40:00Z,684.815,684.915,684.08,684.16,981297,21
SPY,2025-11-12T09:45:00Z,684.16,684.52,683.18,683.32,1436060,22
SPY,2025-11-12T09:50:00Z,683.3,683.94,683.16,683.535,1229562,23
SPY,2025-11-12T09:55:00Z,683.54,683.8,683.12,683.735,754490,24
SPY,2025-11-12T10:00:00Z,683.73,684.27,683.56,683.945,932414,25
SPY,2025-11-12T10:05:00Z,683.94,684.14,683.49,684.045,677114,26
SPY,2025-11-12T10:10:00Z,684.04,684.15,683.05,683.14,727926,27
SPY,2025-11-12T10:15:00Z,683.14,683.4,682.93,683.08,752728,28
SPY,2025-11-12T10:20:00Z,683.08,683.39,682.94,682.975,434786,29
SPY,2025-11-12T10:25:00Z,683.01,683.48,682.81,683.195,716060,30
SPY,2025-11-12T10:30:00Z,683.2,683.2599,682.52,682.545,754742,31
SPY,2025-11-12T10:35:00Z,682.55,682.765,681.7955,682.715,967996,32
SPY,2025-11-12T10:40:00Z,682.715,683.09,682.6,682.84,592256,33
SPY,2025-11-12T10:45:00Z,682.85,683.13,682.465,682.6,489969,34
SPY,2025-11-12T10:50:00Z,682.61,682.74,682.0803,682.14,414471,35
SPY,2025-11-12T10:55:00Z,682.16,682.64,681.92,682.35,564088,36
SPY,2025-11-12T11:00:00Z,682.33,682.49,682.001,682.03,517899,37
SPY,2025-11-12T11:05:00Z,682.02,682.32,681.82,681.845,487075,38
SPY,2025-11-12T11:10:00Z,681.86,681.89,681.14,681.465,819933,39
SPY,2025-11-12T11:15:00Z,681.4605,682.09,681.4605,682,578810,40
SPY,2025-11-12T11:20:00Z,682.02,682.2099,681.66,681.72,397814,41
SPY,2025-11-12T11:25:00Z,681.73,682.52,681.7,682.41,546685,42
SPY,2025-11-12T11:30:00Z,682.4,682.94,682.09,682.43,683390,43
SPY,2025-11-12T11:35:00Z,682.44,683.01,682.38,682.55,500662,44
SPY,2025-11-12T11:40:00Z,682.57,682.7113,682.08,682.12,381264,45
SPY,2025-11-12T11:45:00Z,682.12,682.51,680.945,681.31,659963,46
SPY,2025-11-12T11:50:00Z,681.3,682.0293,681.3,681.52,587828,47
SPY,2025-11-12T11:55:00Z,681.52,682.25,681.49,681.76,447662,48
SPY,2025-11-12T12:00:00Z,681.76,681.97,681.54,681.94,442263,49
SPY,2025-11-12T12:05:00Z,681.96,682.5,681.94,682.16,462022,50
SPY,2025-11-12T12:10:00Z,682.15,682.4501,681.76,682.4099,441621,51
SPY,2025-11-12T12:15:00Z,682.4,682.8,681.79,681.985,645744,52
SPY,2025-11-12T12:20:00Z,681.99,682.76,681.95,682.45,1101022,53
SPY,2025-11-12T12:25:00Z,682.47,682.69,682.23,682.47,240846,54
SPY,2025-11-12T12:30:00Z,682.47,682.75,682.38,682.7,388133,55
SPY,2025-11-12T12:35:00Z,682.695,683.64,682.6544,683.49,577731,56
SPY,2025-11-12T12:40:00Z,683.485,683.85,683.32,683.36,595796,57
SPY,2025-11-12T12:45:00Z,683.38,683.69,682.94,683.03,561951,58
SPY,2025-11-12T12:50:00Z,683.02,683.155,682.59,683.0548,407282,59
SPY,2025-11-12T12:55:00Z,683.065,683.77,682.94,683.63,347235,60
SPY,2025-11-12T13:00:00Z,683.64,683.81,683.52,683.715,438622,61
SPY,2025-11-12T13:05:00Z,683.7003,683.73,683.11,683.14,368411,62
SPY,2025-11-12T13:10:00Z,683.15,683.725,683.05,683.67,276940,63
SPY,2025-11-12T13:15:00Z,683.67,683.93,683.58,683.8,560053,64
SPY,2025-11-12T13:20:00Z,683.8,683.8,683.37,683.53,333357,65
SPY,2025-11-12T13:25:00Z,683.54,683.76,683.13,683.495,458704,66
SPY,2025-11-12T13:30:00Z,683.5,683.82,683.4,683.67,463483,67
SPY,2025-11-12T13:35:00Z,683.68,683.96,683.55,683.9494,538435,68
SPY,2025-11-12T13:40:00Z,683.94,684.1499,683.58,683.62,454695,69
SPY,2025-11-12T13:45:00Z,683.62,683.69,683.26,683.365,311788,70
SPY,2025-11-12T13:50:00Z,683.37,683.76,683.32,683.6,248409,71
SPY,2025-11-12T13:55:00Z,683.61,683.805,683.53,683.63,250892,72
SPY,2025-11-12T14:00:00Z,683.64,683.8,683.415,683.58,563228,73
SPY,2025-11-12T14:05:00Z,683.58,683.6,683.125,683.57,370440,74
SPY,2025-11-12T14:10:00Z,683.55,683.56,682.95,682.99,476821,75
SPY,2025-11-12T14:15:00Z,682.98,683.05,682.74,682.96,680085,76
SPY,2025-11-12T14:20:00Z,682.96,683.22,682.72,682.84,447171,77
SPY,2025-11-12T14:25:00Z,682.85,683.23,682.48,682.73,421908,78
SPY,2025-11-12T14:30:00Z,682.74,682.81,682.24,682.65,834771,79
SPY,2025-11-12T14:35:00Z,682.65,683.12,682.55,683.01,477149,80
SPY,2025-11-12T14:40:00Z,683,683.2,682.7501,682.9,413670,81
SPY,2025-11-12T14:45:00Z,682.89,683.2,682.78,682.82,426648,82
SPY,2025-11-12T14:50:00Z,682.82,683.12,682.59,683.1,569678,83
SPY,2025-11-12T14:55:00Z,683.1,683.255,682.51,682.81,651778,84
SPY,2025-11-12T15:00:00Z,682.8,682.89,682.34,682.63,522856,85
SPY,2025-11-12T15:05:00Z,682.63,682.66,682.092,682.53,1180721,86
SPY,2025-11-12T15:10:00Z,682.54,682.705,682.42,682.64,524930,87
SPY,2025-11-12T15:15:00Z,682.63,683.02,682.42,683.01,530547,88
SPY,2025-11-12T15:20:00Z,683.01,683.08,682.77,682.955,746679,89
SPY,2025-11-12T15:25:00Z,682.945,683.4099,682.86,683.34,557077,90
SPY,2025-11-12T15:30:00Z,683.34,683.96,683.13,683.825,1040978,91
SPY,2025-11-12T15:35:00Z,683.805,683.875,683.1,683.3675,1001399,92
SPY,2025-11-12T15:40:00Z,683.37,683.76,683.37,683.7,785323,93
SPY,2025-11-12T15:45:00Z,683.7,683.725,683.22,683.3725,1229206,94
SPY,2025-11-12T15:50:00Z,683.38,684.07,683.38,683.49,1915775,95
SPY,2025-11-12T15:55:00Z,683.5,683.59,682.6616,683.33,4927047,96
SPY,2025-11-12T16:00:00Z,683.3,684,682.7018,683.5,3626588,97
SPY,2025-11-12T16:05:00Z,683.53,683.7302,682.7018,683.55,607660,98
SPY,2025-11-12T16:10:00Z,683.38,683.77,683.1212,683.6,3726147,99
SPY,2025-11-12T16:15:00Z,683.58,683.6102,683.1,683.33,631408,100
SPY,2025-11-12T16:20:00Z,683.31,683.449,683.23,683.4,45230,101
SPY,2025-11-12T16:25:00Z,683.37,683.54,683.35,683.51,92001,102
SPY,2025-11-12T16:30:00Z,683.5007,683.5402,683.35,683.39,108160,103
SPY,2025-11-12T16:35:00Z,683.4,683.4899,682.7018,683.48,180144,104
SPY,2025-11-12T16:40:00Z,683.4503,683.54,683.43,683.4812,8111,105
SPY,2025-11-12T16:45:00Z,683.48,683.49,683.3,683.33,12575,106
SPY,2025-11-12T16:50:00Z,683.34,683.37,637.7825,683,19171,107
SPY,2025-11-12T16:55:00Z,683.01,683.38,682.95,683,428740,108
SPY,2025-11-13T08:00:00Z,684.1912,684.95,681.6992,682,109177,109
SPY,2025-11-13T08:05:00Z,682.0402,683.38,681.99,682.1407,10471,110
SPY,2025-11-13T08:10:00Z,682.16,683.38,681.97,682.32,22668,111
SPY,2025-11-13T08:15:00Z,682.31,683.38,681.9692,682.0205,18017,112
SPY,2025-11-13T08:20:00Z,681.9892,682.04,681.465,681.98,67924,113
SPY,2025-11-13T08:25:00Z,681.99,682.06,681.81,681.98,16497,114
SPY,2025-11-13T08:30:00Z,682,684.11,681.01,681.03,66722,115
SPY,2025-11-13T08:35:00Z,681.045,681.32,680.72,681.055,62032,116
SPY,2025-11-13T08:40:00Z,681.07,681.31,680.8692,681.02,45852,117
SPY,2025-11-13T08:45:00Z,681.02,683.38,680.98,681.42,32052,118
SPY,2025-11-13T08:50:00Z,681.405,681.63,681.24,681.49,22271,119
SPY,2025-11-13T08:55:00Z,681.48,681.49,680.79,680.915,45016,120
SPY,2025-11-13T09:00:00Z,680.9,681.1,680.63,680.82,35177,121
SPY,2025-11-13T09:05:00Z,680.82,680.98,679.9497,680.1205,80824,122
SPY,2025-11-13T09:10:00Z,680.13,680.6,679.9395,680.46,73253,123
SPY,2025-11-13T09:15:00Z,680.4297,680.66,680.4,680.43,30527,124
SPY,2025-11-13T09:20:00Z,680.4197,680.81,680.39,680.7682,86389,125
SPY,2025-11-13T09:25:00Z,680.77,681.07,680.1795,680.5,177396,126
SPY,2025-11-13T09:30:00Z,680.5,680.71,679.78,680.06,1783160,127
SPY,2025-11-13T09:35:00Z,680.07,680.21,678.76,678.855,1724491,128
SPY,2025-11-13T09:40:00Z,678.8446,678.98,677.69,677.77,1545793,129
SPY,2025-11-13T09:45:00Z,677.78,678.655,677.53,678.18,1380842,130
SPY,2025-11-13T09:50:00Z,678.18,679.2,678.13,678.52,1091988,131
SPY,2025-11-13T09:55:00Z,678.54,679.39,678.42,678.8,690104,132
SPY,2025-11-13T10:00:00Z,678.78,679.45,677.97,678.17,1022388,133
SPY,2025-11-13T10:05:00Z,678.17,680.0102,678.14,679.95,1053441,134
SPY,2025-11-13T10:10:00Z,679.97,680.6,679.62,680.43,1077205,135
SPY,2025-11-13T10:15:00Z,680.44,680.86,680.0017,680.05,986897,136
SPY,2025-11-13T10:20:00Z,680.04,680.35,679.29,679.7245,795086,137
SPY,2025-11-13T10:25:00Z,679.71,679.73,678.76,678.94,730479,138
SPY,2025-11-13T10:30:00Z,678.95,679.03,677.73,677.79,1042060,139
SPY,2025-11-13T10:35:00Z,677.79,678.19,677.205,677.7423,1295060,140
SPY,2025-11-13T10:40:00Z,677.72,678.01,677.13,677.26,1078214,141
SPY,2025-11-13T10:45:00Z,677.24,677.31,675.975,676.21,1474385,142
SPY,2025-11-13T10:50:00Z,676.21,676.39,675.48,675.61,1112394,143
SPY,2025-11-13T10:55:00Z,675.62,676.5395,675.34,676.48,1660525,144
SPY,2025-11-13T11:00:00Z,676.48,676.81,675.79,675.83,1035792,145
SPY,2025-11-13T11:05:00Z,675.83,676.06,675.25,676.01,1010408,146
SPY,2025-11-13T11:10:00Z,676.01,676.01,675.41,675.88,815596,147
SPY,2025-11-13T11:15:00Z,675.89,676.29,675.09,675.6,769236,148
SPY,2025-11-13T11:20:00Z,675.61,676.21,675.21,675.25,857686,149
SPY,2025-11-13T11:25:00Z,675.25,675.97,674.96,675.73,918603,150
SPY,2025-11-13T11:30:00Z,675.72,676.51,675.45,676.37,804454,151
SPY,2025-11-13T11:35:00Z,676.375,676.62,674.77,674.82,1151387,152
SPY,2025-11-13T11:40:00Z,674.82,674.99,674.22,674.51,820755,153
SPY,2025-11-13T11:45:00Z,674.51,675.09,674.31,674.9975,695114,154
SPY,2025-11-13T11:50:00Z,674.99,675.4,674.47,674.79,667124,155
SPY,2025-11-13T11:55:00Z,674.79,675.4,674.39,675.19,651478,156
SPY,2025-11-13T12:00:00Z,675.195,675.605,674.64,675.57,635907,157
SPY,2025-11-13T12:05:00Z,675.57,676,674.65,674.72,845991,158
SPY,2025-11-13T12:10:00Z,674.73,675.06,674.33,674.58,617658,159
SPY,2025-11-13T12:15:00Z,674.55,675.59,674.55,675.12,1988694,160
SPY,2025-11-13T12:20:00Z,675.13,675.94,675.05,675.73,716176,161
SPY,2025-11-13T12:25:00Z,675.75,676.17,675.28,675.92,815180,162
SPY,2025-11-13T12:30:00Z,675.9,676.5,675.87,676.1507,752191,163
SPY,2025-11-13T12:35:00Z,676.17,676.22,675.37,676.135,598738,164
SPY,2025-11-13T12:40:00Z,676.14,676.17,675.09,675.12,491559,165
SPY,2025-11-13T12:45:00Z,675.13,675.18,674.31,674.8544,858807,166
SPY,2025-11-13T12:50:00Z,674.85,675.09,674.46,674.81,666731,167
SPY,2025-11-13T12:55:00Z,674.83,674.84,673.97,674.15,664075,168
SPY,2025-11-13T13:00:00Z,674.16,674.53,674.08,674.18,671669,169
SPY,2025-11-13T13:05:00Z,674.2,674.76,673.97,674.14,693891,170
SPY,2025-11-13T13:10:00Z,674.1,674.6599,673.77,674.48,525961,171
SPY,2025-11-13T13:15:00Z,674.49,674.61,673.59,673.64,871399,172
SPY,2025-11-13T13:20:00Z,673.65,674.03,673.34,673.52,679289,173
SPY,2025-11-13T13:25:00Z,673.51,673.54,672.595,672.83,1701511,174
SPY,2025-11-13T13:30:00Z,672.82,672.89,672.42,672.46,937785,175
SPY,2025-11-13T13:35:00Z,672.46,672.62,671.64,671.79,1164747,176
SPY,2025-11-13T13:40:00Z,671.8,672.56,671.52,672.555,1533988,177
SPY,2025-11-13T13:45:00Z,672.54,672.895,672.13,672.5,800587,178
SPY,2025-11-13T13:50:00Z,672.51,672.875,672.24,672.32,1246252,179
SPY,2025-11-13T13:55:00Z,672.33,672.8099,672.15,672.69,750681,180
SPY,2025-11-13T14:00:00Z,672.68,672.87,671.81,672.11,885055,181
SPY,2025-11-13T14:05:00Z,672.08,672.46,671.6859,672.15,801831,182
SPY,2025-11-13T14:10:00Z,672.15,672.35,671.59,671.72,662564,183
SPY,2025-11-13T14:15:00Z,671.74,672.43,671.58,671.94,516736,184
SPY,2025-11-13T14:20:00Z,671.95,672.87,671.85,672.67,866836,185
SPY,2025-11-13T14:25:00Z,672.67,673.55,672.65,673.54,1863432,186
SPY,2025-11-13T14:30:00Z,673.51,673.63,672.88,673.3,1206241,187
SPY,2025-11-13T14:35:00Z,673.29,673.5,672.33,672.76,1247719,188
SPY,2025-11-13T14:40:00Z,672.75,672.75,671.86,672.4,700043,189
SPY,2025-11-13T14:45:00Z,672.41,672.66,671.64,671.85,741868,190
SPY,2025-11-13T14:50:00Z,671.87,672.48,671.37,671.38,975357,191
SPY,2025-11-13T14:55:00Z,671.39,671.95,670.52,671.69,1283936,192
SPY,2025-11-13T15:00:00Z,671.68,671.96,671.225,671.28,1120242,193
SPY,2025-11-13T15:05:00Z,671.28,671.96,670.97,671.87,774154,194
SPY,2025-11-13T15:10:00Z,671.88,672.03,671.245,671.6054,879165,195
SPY,2025-11-13T15:15:00Z,671.62,672.06,671.13,671.185,1426879,196
SPY,2025-11-13T15:20:00Z,671.17,671.29,670.53,671.23,1448351,197
SPY,2025-11-13T15:25:00Z,671.24,671.67,670.77,671.63,1085619,198
SPY,2025-11-13T15:30:00Z,671.62,672.0856,671.4,672.03,1091788,199
SPY,2025-11-13T15:35:00Z,672,672.78,671.96,672.635,1315106,200
SPY,2025-11-13T15:40:00Z,672.66,673.02,672.03,672.34,2007851,201
SPY,2025-11-13T15:45:00Z,672.335,672.62,671.545,671.56,1974806,202
SPY,2025-11-13T15:50:00Z,671.55,672.41,670.76,670.815,2727978,203
SPY,2025-11-13T15:55:00Z,670.81,672.08,670.81,672.06,6170244,204
SPY,2025-11-13T16:00:00Z,672.06,683.38,672.02,672.95,4194002,205
SPY,2025-11-13T16:05:00Z,672.96,683.1481,670.975,673.335,1102161,206
SPY,2025-11-13T16:10:00Z,672.04,683.1481,671.8392,673.51,10216900,207
SPY,2025-11-13T16:15:00Z,673.53,673.69,672.04,673.43,114985,208
SPY,2025-11-13T16:20:00Z,673.44,673.47,671.8298,672.88,347045,209
SPY,2025-11-13T16:25:00Z,672.91,673.13,672.75,673.0007,36014,210
SPY,2025-11-13T16:30:00Z,673.05,673.18,672.04,672.63,117123,211
SPY,2025-11-13T16:35:00Z,672.66,683.1481,672.4,672.55,342034,212
SPY,2025-11-13T16:40:00Z,672.535,672.66,672.48,672.55,40259,213
SPY,2025-11-13T16:45:00Z,672.565,672.565,671.8448,672.35,183734,214
SPY,2025-11-13T16:50:00Z,672.36,672.39,672.07,672.16,41824,215
SPY,2025-11-13T16:55:00Z,672.16,672.2205,672,672.11,763200,216
SPY,2025-11-14T08:00:00Z,665.7385,672.78,664.71,666.21,247011,217
SPY,2025-11-14T08:05:00Z,666.22,672.04,665.55,665.7692,39503,218
SPY,2025-11-14T08:10:00Z,665.75,666.05,665.2,665.99,77595,219
SPY,2025-11-14T08:15:00Z,665.98,666.021,665.175,665.175,34664,220
SPY,2025-11-14T08:20:00Z,665.17,665.21,664.26,664.74,99030,221
SPY,2025-11-14T08:25:00Z,664.71,665.14,664.68,664.94,162069,222
SPY,2025-11-14T08:30:00Z,665,665.2105,664.33,664.5,119599,223
SPY,2025-11-14T08:35:00Z,664.51,664.63,664.2,664.34,63140,224
SPY,2025-11-14T08:40:00Z,664.31,664.66,663.97,664.2502,86672,225
SPY,2025-11-14T08:45:00Z,664.28,672.04,664.17,665.38,119322,226
SPY,2025-11-14T08:50:00Z,665.38,665.7794,665.07,665.57,89146,227
SPY,2025-11-14T08:55:00Z,665.53,665.69,665.12,665.4288,49414,228
SPY,2025-11-14T09:00:00Z,665.43,666.0299,665,666.0073,74939,229
SPY,2025-11-14T09:05:00Z,665.99,666.26,665.87,665.9907,171709,230
SPY,2025-11-14T09:10:00Z,666.04,666.04,665.52,665.535,39645,231
SPY,2025-11-14T09:15:00Z,665.53,666.1325,665.45,666.07,36904,232
SPY,2025-11-14T09:20:00Z,666.06,666.15,665.84,665.99,41268,233
SPY,2025-11-14T09:25:00Z,666,666,665.189,665.42,124345,234
SPY,2025-11-14T09:30:00Z,665.38,665.88,663.265,663.61,4272797,235
SPY,2025-11-14T09:35:00Z,663.605,666.47,663.545,665.98,2821945,236
SPY,2025-11-14T09:40:00Z,665.97,666.86,665.452,666.72,1940259,237
SPY,2025-11-14T09:45:00Z,666.7,668.37,666.45,667.85,2258023,238
SPY,2025-11-14T09:50:00Z,667.85,668.48,667.18,668.06,1850850,239
SPY,2025-11-14T09:55:00Z,668.05,668.845,667.9,668.69,1669443,240
SPY,2025-11-14T10:00:00Z,668.68,668.75,667.41,667.59,1527929,241
SPY,2025-11-14T10:05:00Z,667.6,668.92,667.31,668.38,1222317,242
SPY,2025-11-14T10:10:00Z,668.36,668.78,666.92,667.55,1576347,243
SPY,2025-11-14T10:15:00Z,667.52,669.17,667.43,668.39,1317131,244
SPY,2025-11-14T10:20:00Z,668.4,669.17,667.9412,668.21,1101428,245
SPY,2025-11-14T10:25:00Z,668.21,669.96,667.54,669.79,1395217,246
SPY,2025-11-14T10:30:00Z,669.78,670.11,669.16,669.77,1357067,247
SPY,2025-11-14T10:35:00Z,669.755,671,669.5,670.91,1447893,248
SPY,2025-11-14T10:40:00Z,670.89,671.2289,670.55,671.07,1248179,249
SPY,2025-11-14T10:45:00Z,671.04,672.82,670.87,672.27,1816956,250
SPY,2025-11-14T10:50:00Z,672.28,672.78,672.0319,672.31,946961,251
SPY,2025-11-14T10:55:00Z,672.31,672.35,671.48,672.24,3277134,252
SPY,2025-11-14T11:00:00Z,672.25,672.57,671.18,671.35,1519573,253
SPY,2025-11-14T11:05:00Z,671.36,672.3,670.89,671.72,1071887,254
SPY,2025-11-14T11:10:00Z,671.72,672.55,671.51,672.12,1214010,255
SPY,2025-11-14T11:15:00Z,672.13,673.12,672.12,672.96,721520,256
SPY,2025-11-14T11:20:00Z,672.96,673.98,672.47,673.96,1015335,257
SPY,2025-11-14T11:25:00Z,673.96,674.87,673.87,674.395,1256088,258
SPY,2025-11-14T11:30:00Z,674.4,674.48,672.76,673.8,988045,259
SPY,2025-11-14T11:35:00Z,673.81,674.85,673.69,674.7,654059,260
SPY,2025-11-14T11:40:00Z,674.73,675.02,673.75,673.92,722405,261
SPY,2025-11-14T11:45:00Z,673.93,674.17,673.17,674.11,746772,262
SPY,2025-11-14T11:50:00Z,674.105,674.63,674.08,674.52,645185,263
SPY,2025-11-14T11:55:00Z,674.52,674.82,674.1912,674.74,823366,264
SPY,2025-11-14T12:00:00Z,674.715,674.88,674.205,674.835,573455,265
SPY,2025-11-14T12:05:00Z,674.82,675.09,674.45,674.94,536199,266
SPY,2025-11-14T12:10:00Z,674.94,675.64,674.94,675.26,673398,267
SPY,2025-11-14T12:15:00Z,675.28,675.43,674.72,675.27,511147,268
SPY,2025-11-14T12:20:00Z,675.289,675.42,674.96,675.05,528355,269
SPY,2025-11-14T12:25:00Z,675.03,675.17,674.34,675.05,704266,270
SPY,2025-11-14T12:30:00Z,675.055,675.09,674.2,674.69,634525,271
SPY,2025-11-14T12:35:00Z,674.7,675.66,674.69,675.485,701455,272
SPY,2025-11-14T12:40:00Z,675.485,675.5,674.57,674.81,592295,273
SPY,2025-11-14T12:45:00Z,674.78,675.22,673.92,673.95,733418,274
SPY,2025-11-14T12:50:00Z,673.96,674.33,673.13,674.1701,1279605,275
SPY,2025-11-14T12:55:00Z,674.17,674.38,673.7,674.045,797394,276
SPY,2025-11-14T13:00:00Z,674.05,674.07,672.45,672.59,1355741,277
SPY,2025-11-14T13:05:00Z,672.59,673.29,672.21,673.2899,899017,278
SPY,2025-11-14T13:10:00Z,673.29,674.36,672.94,674.29,876810,279
SPY,2025-11-14T13:15:00Z,674.26,674.29,672.88,673.0507,559461,280
SPY,2025-11-14T13:20:00Z,673.05,673.14,672.14,672.62,722259,281
SPY,2025-11-14T13:25:00Z,672.64,673.175,672.29,673.13,593110,282
SPY,2025-11-14T13:30:00Z,673.11,673.645,672.795,673.37,785508,283
SPY,2025-11-14T13:35:00Z,673.35,673.45,672.071,672.24,637214,284
SPY,2025-11-14T13:40:00Z,672.23,672.31,671.53,671.67,1174267,285
SPY,2025-11-14T13:45:00Z,671.66,672.01,671.49,671.85,719416,286
SPY,2025-11-14T13:50:00Z,671.88,673.6008,671.88,673.54,860417,287
SPY,2025-11-14T13:55:00Z,673.54,673.78,672.94,673.25,916539,288
SPY,2025-11-14T14:00:00Z,673.25,673.57,672.84,672.97,703459,289
SPY,2025-11-14T14:05:00Z,672.99,673.22,672.27,672.63,932551,290
SPY,2025-11-14T14:10:00Z,672.62,673.1,672.37,673.05,751767,291
SPY,2025-11-14T14:15:00Z,673.1,673.52,672.95,673.17,672761,292
SPY,2025-11-14T14:20:00Z,673.16,674.44,673.15,674.31,783814,293
SPY,2025-11-14T14:25:00Z,674.31,674.34,673.6,674.0199,725432,294
SPY,2025-11-14T14:30:00Z,674.02,674.35,673.62,673.85,648949,295
SPY,2025-11-14T14:35:00Z,673.85,674.375,673.69,674.22,463217,296
SPY,2025-11-14T14:40:00Z,674.23,674.33,673.84,674.12,564302,297
SPY,2025-11-14T14:45:00Z,674.14,674.9,674.03,674.2026,658042,298
SPY,2025-11-14T14:50:00Z,674.2,674.73,674.11,674.475,1267179,299
SPY,2025-11-14T14:55:00Z,674.49,674.8,674.165,674.65,636287,300
SPY,2025-11-14T15:00:00Z,674.64,675.12,674.47,674.815,735535,301
SPY,2025-11-14T15:05:00Z,674.81,674.87,673.74,673.97,978555,302
SPY,2025-11-14T15:10:00Z,673.99,674.3992,673.6,673.7,596244,303
SPY,2025-11-14T15:15:00Z,673.71,673.87,672.871,673,778183,304
SPY,2025-11-14T15:20:00Z,673.01,673.15,672.21,672.65,1210667,305
SPY,2025-11-14T15:25:00Z,672.64,672.915,672.3244,672.645,794247,306
SPY,2025-11-14T15:30:00Z,672.64,673.06,672.26,672.84,753947,307
SPY,2025-11-14T15:35:00Z,672.85,673.11,672.31,672.59,920208,308
SPY,2025-11-14T15:40:00Z,672.58,672.59,671.915,672.07,1141279,309
SPY,2025-11-14T15:45:00Z,672.06,672.49,671.2,671.22,1717214,310
SPY,2025-11-14T15:50:00Z,671.2,672.16,671.2,671.67,1696685,311
SPY,2025-11-14T15:55:00Z,671.67,671.96,671.17,671.95,4346419,312
SPY,2025-11-14T16:00:00Z,671.95,672.05,671.2297,671.7697,2876688,313
SPY,2025-11-14T16:05:00Z,671.7703,672.37,671.48,672.1102,510299,314
SPY,2025-11-14T16:10:00Z,671.93,672.72,671.6394,672.57,4135629,315
SPY,2025-11-14T16:15:00Z,672.58,672.93,671.93,672.845,80933,316
SPY,2025-11-14T16:20:00Z,672.85,673.07,671.93,672.79,174907,317
SPY,2025-11-14T16:25:00Z,672.8107,672.8902,672.63,672.83,34019,318
SPY,2025-11-14T16:30:00Z,672.81,672.84,672.61,672.67,75412,319
SPY,2025-11-14T16:35:00Z,672.66,672.75,672.45,672.5195,12462,320
SPY,2025-11-14T16:40:00Z,672.5199,672.7805,672.455,672.59,29436,321
SPY,2025-11-14T16:45:00Z,672.63,672.75,672.56,672.69,8559,322
SPY,2025-11-14T16:50:00Z,672.72,672.72,672.57,672.6,7955,323
SPY,2025-11-14T16:55:00Z,672.62,672.7,672.57,672.64,42691,324
SPY,2025-11-17T08:00:00Z,676.1688,676.34,671.8,671.86,178288,325
SPY,2025-11-17T08:05:00Z,671.84,672.2207,671.37,671.38,42828,326
SPY,2025-11-17T08:10:00Z,671.445,671.445,670.7788,671.065,70528,327
SPY,2025-11-17T08:15:00Z,671.05,671.93,670.981,671.51,45309,328
SPY,2025-11-17T08:20:00Z,671.5193,671.671,671.24,671.34,29522,329
SPY,2025-11-17T08:25:00Z,671.34,671.64,671.195,671.46,35457,330
SPY,2025-11-17T08:30:00Z,671.42,671.439,670.75,670.84,32360,331
SPY,2025-11-17T08:35:00Z,670.865,671.05,670.58,670.66,32784,332
SPY,2025-11-17T08:40:00Z,670.66,670.66,670.15,670.195,85317,333
SPY,2025-11-17T08:45:00Z,670.22,671.93,670.04,670.15,50815,334
SPY,2025-11-17T08:50:00Z,670.1,670.45,669.71,670.4,48349,335
SPY,2025-11-17T08:55:00Z,670.39,672.765,670.35,671.02,70304,336
SPY,2025-11-17T09:00:00Z,671,671.02,670.39,670.625,36646,337
SPY,2025-11-17T09:05:00Z,670.61,670.735,670.24,670.4,31457,338
SPY,2025-11-17T09:10:00Z,670.42,670.48,669.83,670.02,67065,339
SPY,2025-11-17T09:15:00Z,670.015,670.429,669.9897,670.295,37190,340
SPY,2025-11-17T09:20:00Z,670.29,670.6205,670.07,670.1577,36481,341
SPY,2025-11-17T09:25:00Z,670.06,670.18,669.48,669.661,140959,342
SPY,2025-11-17T09:30:00Z,669.7,671.14,668.92,671.14,2298128,343
SPY,2025-11-17T09:35:00Z,671.14,672.645,671.08,672.62,1475567,344
SPY,2025-11-17T09:40:00Z,672.61,672.67,671.67,671.985,1214423,345
SPY,2025-11-17T09:45:00Z,671.99,673.13,671.84,672.78,1022143,346
SPY,2025-11-17T09:50:00Z,672.8,673.67,672.8,673.5,1033790,347
SPY,2025-11-17T09:55:00Z,673.5,673.71,672.57,672.76,927656,348
SPY,2025-11-17T10:00:00Z,672.76,673.15,671.39,671.56,929254,349
SPY,2025-11-17T10:05:00Z,671.55,672.25,670.47,670.875,1131288,350
SPY,2025-11-17T10:10:00Z,670.89,672.025,670.82,671.74,877435,351
SPY,2025-11-17T10:15:00Z,671.74,672.13,670.6,670.7626,798713,352
SPY,2025-11-17T10:20:00Z,670.76,671.85,670.55,671.33,781718,353
SPY,2025-11-17T10:25:00Z,671.33,672.32,670.83,672.06,720061,354
SPY,2025-11-17T10:30:00Z,672.04,672.37,670.43,670.98,786352,355
SPY,2025-11-17T10:35:00Z,670.97,672.0464,670.5,670.59,818805,356
SPY,2025-11-17T10:40:00Z,670.59,671.71,670.14,671.7,1104919,357
SPY,2025-11-17T10:45:00Z,671.69,672.09,670.87,671.145,760095,358
SPY,2025-11-17T10:50:00Z,671.18,671.46,670.62,671.16,629849,359
SPY,2025-11-17T10:55:00Z,671.16,671.48,670.33,670.705,1311870,360
SPY,2025-11-17T11:00:00Z,670.71,670.98,669.76,670.27,964540,361
SPY,2025-11-17T11:05:00Z,670.28,670.35,668.9,669.235,994806,362
SPY,2025-11-17T11:10:00Z,669.23,669.57,668.525,668.67,1185556,363
SPY,2025-11-17T11:15:00Z,668.67,668.67,667.77,668.095,1202987,364
SPY,2025-11-17T11:20:00Z,668.1,668.7365,667.815,668.61,1104221,365
SPY,2025-11-17T11:25:00Z,668.6,670.53,668.3,670.475,995278,366
SPY,2025-11-17T11:30:00Z,670.48,671.27,670.372,670.84,1257997,367
SPY,2025-11-17T11:35:00Z,670.85,671.37,670.47,671.25,653790,368
SPY,2025-11-17T11:40:00Z,671.24,672.08,671.19,671.72,750926,369
SPY,2025-11-17T11:45:00Z,671.73,672.29,671.56,672.1,555252,370
SPY,2025-11-17T11:50:00Z,672.09,672.72,672.09,672.52,522661,371
SPY,2025-11-17T11:55:00Z,672.5,672.98,671.995,672.95,573789,372
SPY,2025-11-17T12:00:00Z,672.94,673,672.405,672.5282,435389,373
SPY,2025-11-17T12:05:00Z,672.53,672.72,672.1,672.59,398026,374
SPY,2025-11-17T12:10:00Z,672.59,672.655,671.975,672.42,364153,375
SPY,2025-11-17T12:15:00Z,672.43,672.55,671.705,672.12,399215,376
SPY,2025-11-17T12:20:00Z,672.1,672.45,671.81,672.21,438136,377
SPY,2025-11-17T12:25:00Z,672.23,672.345,671.8,672.3101,380016,378
SPY,2025-11-17T12:30:00Z,672.33,672.51,671.865,672.335,452456,379
SPY,2025-11-17T12:35:00Z,672.33,672.59,671.37,671.52,471804,380
SPY,2025-11-17T12:40:00Z,671.5255,671.53,670.84,670.92,649607,381
SPY,2025-11-17T12:45:00Z,670.92,670.97,670.09,670.77,859847,382
SPY,2025-11-17T12:50:00Z,670.78,670.87,669.65,669.73,624972,383
SPY,2025-11-17T12:55:00Z,669.72,669.89,669.15,669.22,543743,384
SPY,2025-11-17T13:00:00Z,669.24,669.28,668.35,668.56,902984,385
SPY,2025-11-17T13:05:00Z,668.56,669.008,668.22,668.57,613985,386
SPY,2025-11-17T13:10:00Z,668.57,669.48,668.44,668.9955,799701,387
SPY,2025-11-17T13:15:00Z,669,669.33,668.52,669.09,463299,388
SPY,2025-11-17T13:20:00Z,669.09,669.43,668.61,668.78,410965,389
SPY,2025-11-17T13:25:00Z,668.76,669,668.46,668.71,330497,390
SPY,2025-11-17T13:30:00Z,668.7,668.74,668.15,668.4,553960,391
SPY,2025-11-17T13:35:00Z,668.39,668.74,668.19,668.43,448160,392
SPY,2025-11-17T13:40:00Z,668.44,668.89,668.045,668.83,474970,393
SPY,2025-11-17T13:45:00Z,668.81,669.91,668.79,669.12,825981,394
SPY,2025-11-17T13:50:00Z,669.12,669.495,668.105,668.1348,565538,395
SPY,2025-11-17T13:55:00Z,668.14,668.14,666.5,666.56,1314286,396
SPY,2025-11-17T14:00:00Z,666.57,666.9,665.6,666.155,1342265,397
SPY,2025-11-17T14:05:00Z,666.15,666.62,665.77,666.41,1235123,398
SPY,2025-11-17T14:10:00Z,666.4,666.73,665.81,665.97,1084815,399
SPY,2025-11-17T14:15:00Z,665.98,666.16,665.46,665.73,973063,400
SPY,2025-11-17T14:20:00Z,665.75,665.95,665.51,665.74,740158,401
SPY,2025-11-17T14:25:00Z,665.73,665.9,664.97,665.8395,1042529,402
SPY,2025-11-17T14:30:00Z,665.83,666.1415,664.66,664.9313,1042999,403
SPY,2025-11-17T14:35:00Z,664.92,665.3,663.9905,664.03,1167830,404
SPY,2025-11-17T14:40:00Z,664.03,664.64,663.73,664.56,1392940,405
SPY,2025-11-17T14:45:00Z,664.52,664.61,663.51,664.13,1022043,406
SPY,2025-11-17T14:50:00Z,664.12,664.415,663.75,663.85,932329,407
SPY,2025-11-17T14:55:00Z,663.87,663.925,662.73,662.79,1393783,408
SPY,2025-11-17T15:00:00Z,662.77,662.92,662.17,662.69,1538480,409
SPY,2025-11-17T15:05:00Z,662.68,663.37,662.58,662.8998,1301341,410
SPY,2025-11-17T15:10:00Z,662.87,663.65,662.7045,662.755,1402304,411
SPY,2025-11-17T15:15:00Z,662.77,663.9856,662.56,663.11,1388673,412
SPY,2025-11-17T15:20:00Z,663.11,663.84,662.95,663.655,1139409,413
SPY,2025-11-17T15:25:00Z,663.66,664.05,663.405,663.76,1424022,414
SPY,2025-11-17T15:30:00Z,663.77,664.27,663.095,663.31,1403227,415
SPY,2025-11-17T15:35:00Z,663.31,664.19,663.18,663.35,1261186,416
SPY,2025-11-17T15:40:00Z,663.34,664.055,663.14,664.035,1311489,417
SPY,2025-11-17T15:45:00Z,664.03,665.04,663.9601,664.89,2381763,418
SPY,2025-11-17T15:50:00Z,664.91,665.62,664.4,664.73,2757589,419
SPY,2025-11-17T15:55:00Z,664.73,665.78,664.67,665.69,5375737,420
SPY,2025-11-17T16:00:00Z,665.68,671.93,665.59,665.83,3798420,421
SPY,2025-11-17T16:05:00Z,665.84,666.07,665.5674,666.0195,582569,422
SPY,2025-11-17T16:10:00Z,665.67,666.38,665.5671,666.29,5482644,423
SPY,2025-11-17T16:15:00Z,666.33,666.3497,665.5662,666.2402,605891,424
SPY,2025-11-17T16:20:00Z,666.27,666.32,665.546,666.2,230573,425
SPY,2025-11-17T16:25:00Z,666.19,666.19,665.67,666.015,327612,426
SPY,2025-11-17T16:30:00Z,665.96,666.08,665.84,665.97,44178,427
SPY,2025-11-17T16:35:00Z,665.9492,665.9492,665.57,665.665,73195,428
SPY,2025-11-17T16:40:00Z,665.67,665.76,665.51,665.74,31093,429
SPY,2025-11-17T16:45:00Z,665.72,666.08,665.72,665.92,30679,430
SPY,2025-11-17T16:50:00Z,665.9,666.01,665.8,666.01,19125,431
SPY,2025-11-17T16:55:00Z,666.01,666.1,665.67,666.03,589872,432
SPY,2025-11-18T08:00:00Z,665.5674,665.67,660.03,662.65,195812,433
SPY,2025-11-18T08:05:00Z,662.63,665.67,662.22,662.699,210212,434
SPY,2025-11-18T08:10:00Z,662.7,665.67,662.34,662.62,33430,435
SPY,2025-11-18T08:15:00Z,662.57,665.67,662.25,662.31,63319,436
SPY,2025-11-18T08:20:00Z,662.3292,662.53,661.96,662.2997,27615,437
SPY,2025-11-18T08:25:00Z,662.3,662.42,662.02,662.159,43483,438
SPY,2025-11-18T08:30:00Z,662.16,663.19,662.07,662.7,55427,439
SPY,2025-11-18T08:35:00Z,662.66,662.7,661.9814,662.4405,35361,440
SPY,2025-11-18T08:40:00Z,662.4111,662.86,662.25,662.25,18055,441
SPY,2025-11-18T08:45:00Z,662.25,665.67,662.07,662.49,23382,442
SPY,2025-11-18T08:50:00Z,662.39,663,662.26,662.9902,19593,443
SPY,2025-11-18T08:55:00Z,663.01,663.151,662.5,662.59,47663,444
SPY,2025-11-18T09:00:00Z,662.55,665.67,662.39,662.62,51230,445
SPY,2025-11-18T09:05:00Z,662.619,662.89,662.42,662.7,46188,446
SPY,2025-11-18T09:10:00Z,662.6995,662.82,662.18,662.48,39133,447
SPY,2025-11-18T09:15:00Z,662.43,662.62,662.13,662.3287,26017,448
SPY,2025-11-18T09:20:00Z,662.34,662.46,662.0595,662.3215,37817,449
SPY,2025-11-18T09:25:00Z,662.31,662.34,661.68,662.1,205299,450
SPY,2025-11-18T09:30:00Z,662.095,664.26,660.955,662.9,4065434,451
SPY,2025-11-18T09:35:00Z,662.9,663.83,662.49,663.14,2402318,452
SPY,2025-11-18T09:40:00Z,663.12,663.455,661.54,661.85,2045574,453
SPY,2025-11-18T09:45:00Z,661.85,663.45,660.749,660.96,2661938,454
SPY,2025-11-18T09:50:00Z,660.97,661.97,659.56,659.79,2647029,455
SPY,2025-11-18T09:55:00Z,659.78,659.89,658.61,658.65,2273443,456
SPY,2025-11-18T10:00:00Z,658.64,659.45,656.96,657.06,2432008,457
SPY,2025-11-18T10:05:00Z,657.05,659.16,656.8,658.88,2719306,458
SPY,2025-11-18T10:10:00Z,658.87,659.46,657.61,658.815,1950254,459
SPY,2025-11-18T10:15:00Z,658.8,658.88,657.07,658.01,1775309,460
SPY,2025-11-18T10:20:00Z,657.97,660.31,657.87,659.31,1962935,461
SPY,2025-11-18T10:25:00Z,659.31,660.29,658.97,659.085,1193555,462
SPY,2025-11-18T10:30:00Z,659.08,660.2,658.39,658.64,3389424,463
SPY,2025-11-18T10:35:00Z,658.69,658.72,657.423,658.37,1827617,464
SPY,2025-11-18T10:40:00Z,658.36,659.03,657.6,658.24,1221439,465
SPY,2025-11-18T10:45:00Z,658.22,658.33,657.6,657.92,1036000,466
SPY,2025-11-18T10:50:00Z,657.93,658.51,657.12,658.0198,1152113,467
SPY,2025-11-18T10:55:00Z,658.03,658.74,657.16,657.22,1025202,468
SPY,2025-11-18T11:00:00Z,657.23,657.61,655.86,656.6297,2054080,469
SPY,2025-11-18T11:05:00Z,656.63,658.42,656.26,658.33,1146728,470
SPY,2025-11-18T11:10:00Z,658.34,659.53,658.22,658.82,1452167,471
SPY,2025-11-18T11:15:00Z,658.82,659.55,658.09,659.3199,1021248,472
SPY,2025-11-18T11:20:00Z,659.22,660.43,659.16,660.21,1106279,473
SPY,2025-11-18T11:25:00Z,660.26,661.87,660.2,661.575,1511796,474
SPY,2025-11-18T11:30:00Z,661.56,662.1513,661.37,661.42,1433451,475
SPY,2025-11-18T11:35:00Z,661.43,662.37,661.15,661.24,1296039,476
SPY,2025-11-18T11:40:00Z,661.22,662.05,660.95,661.9001,740651,477
SPY,2025-11-18T11:45:00Z,661.89,662.29,660.78,661.41,970320,478
SPY,2025-11-18T11:50:00Z,661.43,661.84,660.72,661.33,823103,479
SPY,2025-11-18T11:55:00Z,661.332,662.04,660.88,661.17,537556,480
SPY,2025-11-18T12:00:00Z,661.14,661.86,660.98,661.18,553487,481
SPY,2025-11-18T12:05:00Z,661.17,661.29,660.25,660.6,861098,482
SPY,2025-11-18T12:10:00Z,660.54,661.0199,659.8702,659.93,605083,483
SPY,2025-11-18T12:15:00Z,659.92,660.64,659.56,660.04,954706,484
SPY,2025-11-18T12:20:00Z,660.07,660.89,659.66,659.74,617815,485
SPY,2025-11-18T12:25:00Z,659.74,660.1958,658.56,658.62,845764,486
SPY,2025-11-18T12:30:00Z,658.61,659.05,657.91,658.94,1003961,487
SPY,2025-11-18T12:35:00Z,658.94,661.2,658.8,661.1499,989964,488
SPY,2025-11-18T12:40:00Z,661.13,663.02,661.13,662.8,1308795,489
SPY,2025-11-18T12:45:00Z,662.81,663.28,661.74,663.13,1136778,490
SPY,2025-11-18T12:50:00Z,663.12,663.67,662.38,663.56,868050,491
SPY,2025-11-18T12:55:00Z,663.53,664.375,663.05,663.67,1060901,492
SPY,2025-11-18T13:00:00Z,663.72,664.23,663.32,663.74,939936,493
SPY,2025-11-18T13:05:00Z,663.74,664.4,663.57,663.9,911222,494
SPY,2025-11-18T13:10:00Z,663.91,664.46,663.65,663.81,723893,495
SPY,2025-11-18T13:15:00Z,663.84,664.0922,663.25,664.0099,813915,496
SPY,2025-11-18T13:20:00Z,663.98,664.23,663.1,664.0499,1573262,497
SPY,2025-11-18T13:25:00Z,664.08,664.38,663.26,663.33,563885,498
SPY,2025-11-18T13:30:00Z,663.35,664.61,663.35,664.39,559563,499
SPY,2025-11-18T13:35:00Z,664.39,664.61,663.1,664.02,818916,500
SPY,2025-11-18T13:40:00Z,664.04,665.12,663.47,663.88,1191012,501
SPY,2025-11-18T13:45:00Z,663.865,664.4493,663.58,664.37,828840,502
SPY,2025-11-18T13:50:00Z,664.38,664.94,664.1,664.45,515822,503
SPY,2025-11-18T13:55:00Z,664.43,664.45,662.7,663.01,1159535,504
SPY,2025-11-18T14:00:00Z,663.05,664.23,662.85,663.025,962535,505
SPY,2025-11-18T14:05:00Z,663.04,663.84,662.97,663.71,619109,506
SPY,2025-11-18T14:10:00Z,663.73,664.25,663.19,663.96,567262,507
SPY,2025-11-18T14:15:00Z,663.97,664.09,662.91,664.05,662823,508
SPY,2025-11-18T14:20:00Z,664.05,664.24,662.7,663.07,607369,509
SPY,2025-11-18T14:25:00Z,663.07,663.56,662.57,662.93,685946,510
SPY,2025-11-18T14:30:00Z,662.93,663.18,662.434,662.73,679248,511
SPY,2025-11-18T14:35:00Z,662.76,664.68,662.645,664.6,891499,512
SPY,2025-11-18T14:40:00Z,664.59,664.96,663.2,663.46,1042681,513
SPY,2025-11-18T14:45:00Z,663.47,664.87,663.44,664.12,859943,514
SPY,2025-11-18T14:50:00Z,664.11,664.24,663.195,663.28,902472,515
SPY,2025-11-18T14:55:00Z,663.25,664.48,662.97,664.42,837618,516
SPY,2025-11-18T15:00:00Z,664.43,664.94,663.65,663.715,1326227,517
SPY,2025-11-18T15:05:00Z,663.7,663.79,663.05,663.27,820037,518
SPY,2025-11-18T15:10:00Z,663.24,663.5,662.81,663.1555,836826,519
SPY,2025-11-18T15:15:00Z,663.15,663.52,662.66,662.77,980413,520
SPY,2025-11-18T15:20:00Z,662.77,663.49,662.3834,662.557,776282,521
SPY,2025-11-18T15:25:00Z,662.57,662.58,661.5,662.42,1340232,522
SPY,2025-11-18T15:30:00Z,662.42,662.78,661.65,661.78,1040026,523
SPY,2025-11-18T15:35:00Z,661.79,662.72,661.64,662.39,1268509,524
SPY,2025-11-18T15:40:00Z,662.3899,662.54,661.59,661.65,1133811,525
SPY,2025-11-18T15:45:00Z,661.65,661.92,660.875,660.915,1842300,526
SPY,2025-11-18T15:50:00Z,660.92,662.36,660.88,661.29,3208728,527
SPY,2025-11-18T15:55:00Z,661.29,661.68,660,660.14,7909566,528
SPY,2025-11-18T16:00:00Z,660.16,665.67,658.9195,659.7787,5429214,529
SPY,2025-11-18T16:05:00Z,659.77,665.6142,659.47,659.595,913107,530
SPY,2025-11-18T16:10:00Z,660.08,660.1168,659.55,659.755,1702196,531
SPY,2025-11-18T16:15:00Z,659.72,665.6142,659.4,659.435,389637,532
SPY,2025-11-18T16:20:00Z,660.08,660.08,659.0992,659.3201,145814,533
SPY,2025-11-18T16:25:00Z,659.32,660.08,659.3,659.5,171893,534
SPY,2025-11-18T16:30:00Z,659.47,665.6142,659.24,659.4206,519709,535
SPY,2025-11-18T16:35:00Z,659.42,659.8,659.38,659.6144,42146,536
SPY,2025-11-18T16:40:00Z,659.61,659.65,659.29,659.29,22275,537
SPY,2025-11-18T16:45:00Z,659.26,659.57,659.25,659.339,13460,538
SPY,2025-11-18T16:50:00Z,659.315,659.6,659.27,659.39,14249,539
SPY,2025-11-18T16:55:00Z,659.39,659.4,659,659.18,38380,540
SPY,2025-11-19T08:00:00Z,662.72,663.3337,657.93,662.29,157331,541
SPY,2025-11-19T08:05:00Z,662.25,662.25,660.0762,662.0705,28424,542
SPY,2025-11-19T08:10:00Z,662.08,662.08,661.525,661.6902,26721,543
SPY,2025-11-19T08:15:00Z,661.66,662.1205,660.08,662.01,18662,544
SPY,2025-11-19T08:20:00Z,661.9992,662,661.63,661.89,16594,545
SPY,2025-11-19T08:25:00Z,661.8525,662.36,661.85,662.3315,36074,546
SPY,2025-11-19T08:30:00Z,662.31,662.8,662.17,662.23,72208,547
SPY,2025-11-19T08:35:00Z,662.2087,662.21,661.96,662.1291,22577,548
SPY,2025-11-19T08:40:00Z,662.105,662.23,661.76,662.04,31817,549
SPY,2025-11-19T08:45:00Z,662.06,665.88,660.08,662.13,16620,550
SPY,2025-11-19T08:50:00Z,662.1391,662.21,661.95,661.98,43348,551
SPY,2025-11-19T08:55:00Z,661.96,662.06,661.65,661.7615,42168,552
SPY,2025-11-19T09:00:00Z,661.77,683.38,661.54,661.62,52247,553
SPY,2025-11-19T09:05:00Z,661.61,661.68,660.88,660.8905,79360,554
SPY,2025-11-19T09:10:00Z,660.9405,661.12,660.81,660.87,50519,555
SPY,2025-11-19T09:15:00Z,660.89,661.21,660.89,660.97,44900,556
SPY,2025-11-19T09:20:00Z,660.95,661.23,660.94,661.12,19751,557
SPY,2025-11-19T09:25:00Z,661.09,661.2,660.6495,660.76,71213,558
SPY,2025-11-19T09:30:00Z,660.78,661.61,660.11,661.4,2349877,559
SPY,2025-11-19T09:35:00Z,661.4,662.39,661.3,662.1994,1829881,560
SPY,2025-11-19T09:40:00Z,662.18,663.32,661.72,663.015,1276271,561
SPY,2025-11-19T09:45:00Z,663,663.78,662.68,663.54,1447801,562
SPY,2025-11-19T09:50:00Z,663.54,664.59,662.99,664.51,1247184,563
SPY,2025-11-19T09:55:00Z,664.5,665.84,664.26,665.67,1578627,564
SPY,2025-11-19T10:00:00Z,665.67,666.215,665.42,666.14,1630036,565
SPY,2025-11-19T10:05:00Z,666.15,666.44,665.945,666.18,1397604,566
SPY,2025-11-19T10:10:00Z,666.18,666.76,665.69,666.55,1310881,567
SPY,2025-11-19T10:15:00Z,666.555,667.34,660.8,666.62,1416274,568
SPY,2025-11-19T10:20:00Z,666.61,667.04,666.09,666.5859,1017531,569
SPY,2025-11-19T10:25:00Z,666.58,666.66,665.91,666.25,1271468,570
SPY,2025-11-19T10:30:00Z,666.27,666.5545,665.855,666.16,993736,571
SPY,2025-11-19T10:35:00Z,666.16,666.32,665.53,665.64,813638,572
SPY,2025-11-19T10:40:00Z,665.64,665.75,665.08,665.52,781119,573
SPY,2025-11-19T10:45:00Z,665.52,665.52,664.69,664.71,836270,574
SPY,2025-11-19T10:50:00Z,664.71,664.71,663.7,664.03,1120632,575
SPY,2025-11-19T10:55:00Z,664.04,664.06,662.6,662.97,1395312,576
SPY,2025-11-19T11:00:00Z,662.9603,663.53,662.76,663.05,1486273,577
SPY,2025-11-19T11:05:00Z,663.03,663.28,662.048,662.42,1239010,578
SPY,2025-11-19T11:10:00Z,662.41,662.53,661.88,662.29,866169,579
SPY,2025-11-19T11:15:00Z,662.29,662.67,662.04,662.4195,976473,580
SPY,2025-11-19T11:20:00Z,662.4,663.13,661.57,661.641,1208286,581
SPY,2025-11-19T11:25:00Z,661.65,662.42,661.28,662.01,1026952,582
SPY,2025-11-19T11:30:00Z,662.02,662.3,661.62,662,633101,583
SPY,2025-11-19T11:35:00Z,661.99,662.03,660.99,661.2399,697348,584
SPY,2025-11-19T11:40:00Z,661.225,661.99,660.78,661.62,1031012,585
SPY,2025-11-19T11:45:00Z,661.61,662.0899,661.03,661.35,1042247,586
SPY,2025-11-19T11:50:00Z,661.31,662.0199,661.048,661.8244,683821,587
SPY,2025-11-19T11:55:00Z,661.83,662.5897,661.36,662.515,861731,588
SPY,2025-11-19T12:00:00Z,662.5,662.98,661.06,661.07,996816,589
SPY,2025-11-19T12:05:00Z,661.08,661.6055,660.585,661.03,956718,590
SPY,2025-11-19T12:10:00Z,661.0101,661.27,660.5,660.77,617088,591
SPY,2025-11-19T12:15:00Z,660.76,661.46,660.62,660.84,596098,592
SPY,2025-11-19T12:20:00Z,660.84,661.44,660.58,660.89,553447,593
SPY,2025-11-19T12:25:00Z,660.92,661.46,660.23,661.17,962591,594
SPY,2025-11-19T12:30:00Z,661.18,661.37,660.01,660.16,923229,595
SPY,2025-11-19T12:35:00Z,660.16,660.17,658.745,659.1,1580441,596
SPY,2025-11-19T12:40:00Z,659.08,661.55,658.76,661.03,1592858,597
SPY,2025-11-19T12:45:00Z,661.01,661.26,659.97,660.55,862395,598
SPY,2025-11-19T12:50:00Z,660.52,661.7,660.41,661.42,734183,599
SPY,2025-11-19T12:55:00Z,661.41,661.93,661.04,661.36,693298,600
SPY,2025-11-19T13:00:00Z,661.34,662.15,661.06,662.08,593550,601
SPY,2025-11-19T13:05:00Z,662.05,662.21,661.14,661.995,809139,602
SPY,2025-11-19T13:10:00Z,662.01,662.62,661.5501,662.26,877437,603
SPY,2025-11-19T13:15:00Z,662.28,662.4701,661.16,661.555,716560,604
SPY,2025-11-19T13:20:00Z,661.55,662.56,661.52,662.195,706015,605
SPY,2025-11-19T13:25:00Z,662.195,662.4722,660.94,661.0201,1047548,606
SPY,2025-11-19T13:30:00Z,661.01,661.74,660.82,661.64,777476,607
SPY,2025-11-19T13:35:00Z,661.66,663.33,661.53,662.62,1179098,608
SPY,2025-11-19T13:40:00Z,662.62,662.78,661.31,661.59,905983,609
SPY,2025-11-19T13:45:00Z,661.6,661.67,660.76,661.02,582820,610
SPY,2025-11-19T13:50:00Z,661.05,662.41,661.04,662.32,695709,611
SPY,2025-11-19T13:55:00Z,662.31,662.98,662.18,662.5292,737548,612
SPY,2025-11-19T14:00:00Z,662.55,662.79,661.68,661.95,1323972,613
SPY,2025-11-19T14:05:00Z,661.93,662.17,661.49,661.77,893411,614
SPY,2025-11-19T14:10:00Z,661.75,661.85,661.22,661.83,637524,615
SPY,2025-11-19T14:15:00Z,661.8,662.0356,660.97,661.26,541034,616
SPY,2025-11-19T14:20:00Z,661.2606,661.38,660.69,660.94,493228,617
SPY,2025-11-19T14:25:00Z,660.93,660.93,659.48,659.8,978298,618
SPY,2025-11-19T14:30:00Z,659.79,660.31,659.45,659.83,743402,619
SPY,2025-11-19T14:35:00Z,659.88,660.179,659.37,659.49,590561,620
SPY,2025-11-19T14:40:00Z,659.49,659.95,659.33,659.7356,608332,621
SPY,2025-11-19T14:45:00Z,659.74,660.03,659.37,659.945,851986,622
SPY,2025-11-19T14:50:00Z,659.94,661.51,659.93,661.4498,832416,623
SPY,2025-11-19T14:55:00Z,661.42,662.01,660.78,661.25,937959,624
SPY,2025-11-19T15:00:00Z,661.25,661.77,661,661.63,712681,625
SPY,2025-11-19T15:05:00Z,661.59,661.898,661.47,661.75,600182,626
SPY,2025-11-19T15:10:00Z,661.75,662.42,661.65,662.31,774053,627
SPY,2025-11-19T15:15:00Z,662.33,664.2,662.33,664.02,1371465,628
SPY,2025-11-19T15:20:00Z,664.02,664.4,662.86,663.39,1719352,629
SPY,2025-11-19T15:25:00Z,663.4,663.74,662.99,663.5,810046,630
SPY,2025-11-19T15:30:00Z,663.5,663.66,662.96,663.4388,1034637,631
SPY,2025-11-19T15:35:00Z,663.44,664.76,663.4,663.99,1469105,632
SPY,2025-11-19T15:40:00Z,664.01,664.07,663.0666,663.625,1118386,633
SPY,2025-11-19T15:45:00Z,663.6,663.66,662.055,662.1,1569246,634
SPY,2025-11-19T15:50:00Z,662.1,663.28,661.74,663,2224403,635
SPY,2025-11-19T15:55:00Z,663.01,663.58,662.35,662.65,3153005,636
SPY,2025-11-19T16:00:00Z,662.65,662.88,661.7,662.38,2472382,637
SPY,2025-11-19T16:05:00Z,662.45,662.8,660.08,662.71,420854,638
SPY,2025-11-19T16:10:00Z,662.63,662.94,662.1017,662.84,5113715,639
SPY,2025-11-19T16:15:00Z,662.63,663.02,661.53,663.02,1334541,640
SPY,2025-11-19T16:20:00Z,663.01,666,660.1471,664.37,933162,641
SPY,2025-11-19T16:25:00Z,664.38,664.8,663.84,664.61,301226,642
SPY,2025-11-19T16:30:00Z,664.6407,666.36,664.6407,666.01,308194,643
SPY,2025-11-19T16:35:00Z,666.01,666.03,660.1471,665.37,363062,644
SPY,2025-11-19T16:40:00Z,665.34,666.77,660.1471,666.72,407636,645
SPY,2025-11-19T16:45:00Z,666.72,666.8,652.8542,666.37,97872,646
SPY,2025-11-19T16:50:00Z,666.37,666.48,627.1194,665.8999,78824,647
SPY,2025-11-19T16:55:00Z,665.9,666.26,633.3965,666.01,63935,648
SPY,2025-11-20T08:00:00Z,669.95,672.07,657.2385,671.3087,138803,649
SPY,2025-11-20T08:05:00Z,671.27,671.5,662.63,671.16,46569,650
SPY,2025-11-20T08:10:00Z,671.14,671.2,662.63,671.2,111764,651
SPY,2025-11-20T08:15:00Z,671.19,671.35,670.6,670.65,120887,652
SPY,2025-11-20T08:20:00Z,670.7,670.79,670.29,670.49,124467,653
SPY,2025-11-20T08:25:00Z,670.5,670.75,662.63,670.565,40630,654
SPY,2025-11-20T08:30:00Z,670.68,673.02,670.44,671.85,341784,655
SPY,2025-11-20T08:35:00Z,671.88,672.43,671.7,671.92,125453,656
SPY,2025-11-20T08:40:00Z,671.93,672.48,671.67,672.26,82598,657
SPY,2025-11-20T08:45:00Z,672.28,673.18,662.63,673.12,83034,658
SPY,2025-11-20T08:50:00Z,673.14,673.68,672.99,673.48,137376,659
SPY,2025-11-20T08:55:00Z,673.485,673.5,673.01,673.17,78984,660
SPY,2025-11-20T09:00:00Z,673.22,673.62,673.11,673.33,51420,661
SPY,2025-11-20T09:05:00Z,673.34,673.39,672.7695,672.96,63380,662
SPY,2025-11-20T09:10:00Z,672.95,673,672.63,672.86,37406,663
SPY,2025-11-20T09:15:00Z,672.85,673.37,672.6,673.24,50290,664
SPY,2025-11-20T09:20:00Z,673.22,673.38,672.85,672.9599,40223,665
SPY,2025-11-20T09:25:00Z,672.97,673.34,672.7997,672.91,105159,666
SPY,2025-11-20T09:30:00Z,672.91,673.865,672.47,673.33,3879268,667
SPY,2025-11-20T09:35:00Z,673.35,674,673.11,673.66,2187914,668
SPY,2025-11-20T09:40:00Z,673.66,674.15,672.69,673.635,1988438,669
SPY,2025-11-20T09:45:00Z,673.62,674.7,672.96,674.1,1902456,670
SPY,2025-11-20T09:50:00Z,674.1,674.62,673.92,674.2,1388198,671
SPY,2025-11-20T09:55:00Z,674.24,675.02,674.09,674.91,1219360,672
SPY,2025-11-20T10:00:00Z,674.92,675.41,674.66,674.9574,1335645,673
SPY,2025-11-20T10:05:00Z,674.95,674.97,673.1,673.28,1438206,674
SPY,2025-11-20T10:10:00Z,673.27,673.86,672.79,673.17,1406682,675
SPY,2025-11-20T10:15:00Z,673.18,674.22,672.8169,674,1306375,676
SPY,2025-11-20T10:20:00Z,674.03,674.92,673.59,674.75,1061356,677
SPY,2025-11-20T10:25:00Z,674.755,675.0155,674.38,674.83,1074440,678
SPY,2025-11-20T10:30:00Z,674.83,675.2001,674.31,674.655,933197,679
SPY,2025-11-20T10:35:00Z,674.65,675.56,674.58,675.2999,901271,680
SPY,2025-11-20T10:40:00Z,675.29,675.435,674.83,675.235,647065,681
SPY,2025-11-20T10:45:00Z,675.23,675.32,674.01,674.09,1701870,682
SPY,2025-11-20T10:50:00Z,674.095,674.32,673.37,673.38,816412,683
SPY,2025-11-20T10:55:00Z,673.38,673.64,672.74,672.76,1109680,684
SPY,2025-11-20T11:00:00Z,672.78,672.82,671.64,671.7,1474205,685
SPY,2025-11-20T11:05:00Z,671.68,672.2,671.02,671.08,1739174,686
SPY,2025-11-20T11:10:00Z,671.07,671.165,669.85,669.94,1374537,687
SPY,2025-11-20T11:15:00Z,669.95,669.97,668.14,668.455,2817717,688
SPY,2025-11-20T11:20:00Z,668.45,669.11,667.58,668,2182858,689
SPY,2025-11-20T11:25:00Z,667.99,669.36,667.42,667.9,2754773,690
SPY,2025-11-20T11:30:00Z,667.89,668.17,666.67,667,2052080,691
SPY,2025-11-20T11:35:00Z,667.01,667.17,664.79,665.8,2342701,692
SPY,2025-11-20T11:40:00Z,665.8,665.82,664.13,664.44,2896911,693
SPY,2025-11-20T11:45:00Z,664.42,665.265,663.63,664.54,2775803,694
SPY,2025-11-20T11:50:00Z,664.54,665.79,662.54,662.9,3007904,695
SPY,2025-11-20T11:55:00Z,662.93,662.97,659.39,660.2,3815751,696
SPY,2025-11-20T12:00:00Z,660.19,662.38,659.56,661.62,3953543,697
SPY,2025-11-20T12:05:00Z,661.58,661.85,659.08,660.22,2573894,698
SPY,2025-11-20T12:10:00Z,660.25,660.38,658.03,659.5,2914714,699
SPY,2025-11-20T12:15:00Z,659.48,659.48,657.19,657.94,3260938,700
SPY,2025-11-20T12:20:00Z,657.945,659.23,656.6,658.17,3037101,701
SPY,2025-11-20T12:25:00Z,658.13,659.41,657.12,658.57,2727651,702
SPY,2025-11-20T12:30:00Z,658.55,659.54,657.19,657.46,2262211,703
SPY,2025-11-20T12:35:00Z,657.48,658.43,655.45,658.18,2731302,704
SPY,2025-11-20T12:40:00Z,658.18,658.55,656.24,656.28,1850590,705
SPY,2025-11-20T12:45:00Z,656.28,656.6,655.49,655.89,1977246,706
SPY,2025-11-20T12:50:00Z,655.88,657.66,655.67,656.15,1823496,707
SPY,2025-11-20T12:55:00Z,656.14,657.88,655.92,657.26,1606161,708
SPY,2025-11-20T13:00:00Z,657.29,658.78,656.72,658.42,2535537,709
SPY,2025-11-20T13:05:00Z,658.45,660.01,658.15,659.9412,2103273,710
SPY,2025-11-20T13:10:00Z,659.95,661.85,659.32,661.82,1836556,711
SPY,2025-11-20T13:15:00Z,661.82,661.97,659.3153,660.17,2151235,712
SPY,2025-11-20T13:20:00Z,660.16,660.86,658.9901,659.07,1209251,713
SPY,2025-11-20T13:25:00Z,659.08,659.95,658.73,659.58,950137,714
SPY,2025-11-20T13:30:00Z,659.55,660,657.71,658.75,1094006,715
SPY,2025-11-20T13:35:00Z,658.74,658.85,656.84,657.13,1268058,716
SPY,2025-11-20T13:40:00Z,657.1,657.22,656.24,656.33,1020228,717
SPY,2025-11-20T13:45:00Z,656.31,656.4,655.51,655.63,1139695,718
SPY,2025-11-20T13:50:00Z,655.63,655.64,654.13,654.38,1842460,719
SPY,2025-11-20T13:55:00Z,654.36,655.86,654.12,655.06,1650616,720
SPY,2025-11-20T14:00:00Z,655.04,655.6,654.2,654.41,1272200,721
SPY,2025-11-20T14:05:00Z,654.39,655.37,653.86,655.22,1420526,722
SPY,2025-11-20T14:10:00Z,655.21,655.85,654.55,655.36,2449665,723
SPY,2025-11-20T14:15:00Z,655.34,656.59,654.85,655.71,948372,724
SPY,2025-11-20T14:20:00Z,655.72,656.57,655.24,655.35,841514,725
SPY,2025-11-20T14:25:00Z,655.36,657.54,655.22,657.01,1018690,726
SPY,2025-11-20T14:30:00Z,656.98,656.99,655.355,655.88,1171073,727
SPY,2025-11-20T14:35:00Z,655.88,656.64,655.46,655.6428,1095838,728
SPY,2025-11-20T14:40:00Z,655.65,656.79,655.21,656.62,1473917,729
SPY,2025-11-20T14:45:00Z,656.6,656.7697,655.3,655.74,612550,730
SPY,2025-11-20T14:50:00Z,655.79,657.06,655.61,656.7674,824198,731
SPY,2025-11-20T14:55:00Z,656.76,658.25,656.55,658.11,2839151,732
SPY,2025-11-20T15:00:00Z,658.12,658.13,656,656.2,1832864,733
SPY,2025-11-20T15:05:00Z,656.2,657.11,656.05,656.305,1243273,734
SPY,2025-11-20T15:10:00Z,656.31,656.52,655.72,656.29,1148047,735
SPY,2025-11-20T15:15:00Z,656.29,657.13,656.03,656.69,1539140,736
SPY,2025-11-20T15:20:00Z,656.68,657.53,655.93,656.005,1070509,737
SPY,2025-11-20T15:25:00Z,656.01,656.32,655.35,656.2,1926940,738
SPY,2025-11-20T15:30:00Z,656.2,656.56,655.09,655.14,1582734,739
SPY,2025-11-20T15:35:00Z,655.12,655.23,653.76,653.94,2291204,740
SPY,2025-11-20T15:40:00Z,653.95,654.29,653.13,653.36,2591797,741
SPY,2025-11-20T15:45:00Z,653.37,653.648,651.97,651.97,3214651,742
SPY,2025-11-20T15:50:00Z,652.01,653.79,651.99,653.01,3523974,743
SPY,2025-11-20T15:55:00Z,653,653.965,651.89,652.53,6136619,744
SPY,2025-11-20T16:00:00Z,652.52,662.7111,651.69,652.36,4861944,745
SPY,2025-11-20T16:05:00Z,652.37,662.63,652.3,652.44,1504863,746
SPY,2025-11-20T16:10:00Z,652.53,662.7111,652.1295,652.34,2892142,747
SPY,2025-11-20T16:15:00Z,652.31,662.7111,651.93,652.28,736630,748
SPY,2025-11-20T16:20:00Z,652.32,662.7111,651.95,652.39,3010120,749
SPY,2025-11-20T16:25:00Z,652.3905,653.145,652.2395,652.42,1116086,750
SPY,2025-11-20T16:30:00Z,652.43,652.52,652.32,652.435,92032,751
SPY,2025-11-20T16:35:00Z,652.45,652.5,652.03,652.04,51761,752
SPY,2025-11-20T16:40:00Z,652.081,652.3402,651.9,652.1885,44406,753
SPY,2025-11-20T16:45:00Z,652.17,652.29,652.09,652.25,95879,754
SPY,2025-11-20T16:50:00Z,652.27,652.29,651.95,651.985,69705,755
SPY,2025-11-20T16:55:00Z,652.0205,652.53,651.7695,651.915,641270,756
SPY,2025-11-21T08:00:00Z,655.2488,656.4805,649.4485,654.36,377857,757
SPY,2025-11-21T08:05:00Z,654.4007,655.0705,652.53,654.84,64105,758
SPY,2025-11-21T08:10:00Z,654.8407,655.5407,654.57,655.41,70034,759
SPY,2025-11-21T08:15:00Z,655.35,656.34,655.27,656.32,197264,760
SPY,2025-11-21T08:20:00Z,656.325,656.75,655.65,655.6887,131904,761
SPY,2025-11-21T08:25:00Z,655.69,655.8,652.53,654.9617,158219,762
SPY,2025-11-21T08:30:00Z,655.07,655.65,655.02,655.4499,57694,763
SPY,2025-11-21T08:35:00Z,655.41,656.6,655.37,656.125,85275,764
SPY,2025-11-21T08:40:00Z,656.09,656.5902,655.93,656.3607,41629,765
SPY,2025-11-21T08:45:00Z,656.39,656.5,652.53,655.91,52737,766
SPY,2025-11-21T08:50:00Z,655.88,656.21,655.6795,656.115,85095,767
SPY,2025-11-21T08:55:00Z,656.14,656.18,655.57,655.949,42133,768
SPY,2025-11-21T09:00:00Z,655.91,656.07,655.38,655.52,137034,769
SPY,2025-11-21T09:05:00Z,655.4888,656.1205,655.2705,656.05,59759,770
SPY,2025-11-21T09:10:00Z,656.04,656.2507,655.6401,655.7892,36960,771
SPY,2025-11-21T09:15:00Z,655.73,655.7397,655.28,655.33,28027,772
SPY,2025-11-21T09:20:00Z,655.33,665.185,654.87,655.08,75882,773
SPY,2025-11-21T09:25:00Z,655.1,655.31,654.84,655.01,173575,774
SPY,2025-11-21T09:30:00Z,655.05,656.44,654.33,655.45,3421330,775
SPY,2025-11-21T09:35:00Z,655.455,656.21,654.54,654.61,2295028,776
SPY,2025-11-21T09:40:00Z,654.61,656.02,654.03,654.34,1725965,777
SPY,2025-11-21T09:45:00Z,654.35,655.45,653.13,654.66,2133444,778
SPY,2025-11-21T09:50:00Z,654.66,656.47,654.24,656.13,1891116,779
SPY,2025-11-21T09:55:00Z,656.14,656.18,654.28,654.52,1198354,780
SPY,2025-11-21T10:00:00Z,654.57,655.71,653.15,653.89,1881220,781
SPY,2025-11-21T10:05:00Z,653.92,655.57,653.52,654.34,1534460,782
SPY,2025-11-21T10:10:00Z,654.31,654.32,653.22,653.76,1451748,783
SPY,2025-11-21T10:15:00Z,653.72,654.46,652.63,654.27,1926750,784
SPY,2025-11-21T10:20:00Z,654.26,655.12,652.34,655.1,2060248,785
SPY,2025-11-21T10:25:00Z,655.12,655.94,652.72,653.08,1603604,786
SPY,2025-11-21T10:30:00Z,653.09,654.06,652.52,652.71,1397782,787
SPY,2025-11-21T10:35:00Z,652.74,652.75,650.85,651.43,2344265,788
SPY,2025-11-21T10:40:00Z,651.41,653.32,650.94,652.85,2073282,789
SPY,2025-11-21T10:45:00Z,652.87,654.32,652.38,654.07,1241401,790
SPY,2025-11-21T10:50:00Z,654.05,654.39,652.63,654.125,1207024,791
SPY,2025-11-21T10:55:00Z,654.14,654.39,652.7,652.77,1420697,792
SPY,2025-11-21T11:00:00Z,652.72,653.28,651.42,651.89,830973,793
SPY,2025-11-21T11:05:00Z,651.87,652.91,651.08,652.88,1095976,794
SPY,2025-11-21T11:10:00Z,652.87,653.8,652.42,653.29,1216841,795
SPY,2025-11-21T11:15:00Z,653.29,654.04,651.98,652.24,768385,796
SPY,2025-11-21T11:20:00Z,652.24,654.98,652.1,654.79,1072419,797
SPY,2025-11-21T11:25:00Z,654.79,655.97,654.52,655.93,1200726,798
SPY,2025-11-21T11:30:00Z,655.92,656.36,655.22,655.8,1575162,799
SPY,2025-11-21T11:35:00Z,655.79,657.35,655.69,656.955,1925207,800
SPY,2025-11-21T11:40:00Z,656.98,657.67,656.9275,657.35,883961,801
SPY,2025-11-21T11:45:00Z,657.35,658.14,656.67,657.62,815110,802
SPY,2025-11-21T11:50:00Z,657.63,659.1,651.215,658.7101,3618844,803
SPY,2025-11-21T11:55:00Z,658.72,660.695,658.7,660.64,1814635,804
SPY,2025-11-21T12:00:00Z,660.63,660.865,659.36,660.28,1623128,805
SPY,2025-11-21T12:05:00Z,660.29,661.15,659.87,660.9501,1105947,806
SPY,2025-11-21T12:10:00Z,660.95,661.19,660.21,660.56,1319579,807
SPY,2025-11-21T12:15:00Z,660.57,660.76,659.77,659.89,1003456,808
SPY,2025-11-21T12:20:00Z,659.86,660.96,659.46,660.8,1137353,809
SPY,2025-11-21T12:25:00Z,660.79,660.9925,659.765,660.38,768075,810
SPY,2025-11-21T12:30:00Z,660.3825,661.08,660.29,660.76,718246,811
SPY,2025-11-21T12:35:00Z,660.78,661.5118,660.38,660.66,878373,812
SPY,2025-11-21T12:40:00Z,660.66,661.3213,660.13,661.15,663113,813
SPY,2025-11-21T12:45:00Z,661.16,661.48,660.43,661.15,781712,814
SPY,2025-11-21T12:50:00Z,661.13,661.16,659.71,660.4796,691239,815
SPY,2025-11-21T12:55:00Z,660.5,661.05,659.75,660.16,887227,816
SPY,2025-11-21T13:00:00Z,660.21,660.46,658.485,658.56,1080635,817
SPY,2025-11-21T13:05:00Z,658.55,658.89,657.98,658.41,1385953,818
SPY,2025-11-21T13:10:00Z,658.41,658.45,657.4699,657.56,1354723,819
SPY,2025-11-21T13:15:00Z,657.55,657.738,656.88,657.39,816760,820
SPY,2025-11-21T13:20:00Z,657.38,658.42,657.27,657.655,776087,821
SPY,2025-11-21T13:25:00Z,657.65,658.43,657.3901,658.36,485334,822
SPY,2025-11-21T13:30:00Z,658.35,659.79,658,659.44,993554,823
SPY,2025-11-21T13:35:00Z,659.455,660.8012,659.26,660.59,1372566,824
SPY,2025-11-21T13:40:00Z,660.58,660.87,660.02,660.765,636643,825
SPY,2025-11-21T13:45:00Z,660.77,663.58,660.28,663.05,2034506,826
SPY,2025-11-21T13:50:00Z,663.04,664.09,662.26,662.45,1652876,827
SPY,2025-11-21T13:55:00Z,662.47,663.13,661.65,662.25,948187,828
SPY,2025-11-21T14:00:00Z,662.2352,663.25,662.11,663.13,909407,829
SPY,2025-11-21T14:05:00Z,663.12,663.96,662.82,663.67,1347847,830
SPY,2025-11-21T14:10:00Z,663.7,664.03,662.98,663.27,1003544,831
SPY,2025-11-21T14:15:00Z,663.24,663.88,662.95,663.63,822900,832
SPY,2025-11-21T14:20:00Z,663.615,664.53,663.478,664.22,1095948,833
SPY,2025-11-21T14:25:00Z,664.22,664.55,663.92,664.23,679225,834
SPY,2025-11-21T14:30:00Z,664.21,664.52,662.85,663.02,1759577,835
SPY,2025-11-21T14:35:00Z,663.06,664.21,662.98,663.99,877475,836
SPY,2025-11-21T14:40:00Z,663.97,664.29,662.26,662.54,876141,837
SPY,2025-11-21T14:45:00Z,662.56,663.01,661.885,662.37,934743,838
SPY,2025-11-21T14:50:00Z,662.41,662.82,660.95,661.56,903050,839
SPY,2025-11-21T14:55:00Z,661.58,661.99,661.11,661.75,1131448,840
SPY,2025-11-21T15:00:00Z,661.73,662.2,661.51,661.755,1056389,841
SPY,2025-11-21T15:05:00Z,661.76,661.95,661.37,661.71,743269,842
SPY,2025-11-21T15:10:00Z,661.73,662.16,661.285,661.69,867170,843
SPY,2025-11-21T15:15:00Z,661.68,661.96,661.38,661.73,1290015,844
SPY,2025-11-21T15:20:00Z,661.73,661.95,660.47,660.82,1118569,845
SPY,2025-11-21T15:25:00Z,660.8,661.12,659.62,659.63,1511630,846
SPY,2025-11-21T15:30:00Z,659.6,660.25,659.02,659.99,1595408,847
SPY,2025-11-21T15:35:00Z,659.98,661.25,659.92,660.53,1336660,848
SPY,2025-11-21T15:40:00Z,660.5,660.68,659.74,660.01,1340069,849
SPY,2025-11-21T15:45:00Z,660.02,661.14,659.88,660.46,2029201,850
SPY,2025-11-21T15:50:00Z,660.44,660.89,658.91,658.96,3391937,851
SPY,2025-11-21T15:55:00Z,658.96,659.18,658.23,659.06,5902237,852
SPY,2025-11-21T16:00:00Z,659.08,659.87,652.4582,659.84,6089206,853
SPY,2025-11-21T16:05:00Z,659.84,662.1,652.4582,659.2596,579294,854
SPY,2025-11-21T16:10:00Z,659.03,659.6207,658.8459,659.539,5684576,855
SPY,2025-11-21T16:15:00Z,659.549,659.59,652.4582,659.265,496737,856
SPY,2025-11-21T16:20:00Z,659.03,659.4,659.03,659.07,70873,857
SPY,2025-11-21T16:25:00Z,659.09,659.48,652.4582,659.17,405638,858
SPY,2025-11-21T16:30:00Z,659.1902,659.649,659.13,659.62,36529,859
SPY,2025-11-21T16:35:00Z,659.599,659.83,659.03,659.74,36816,860
SPY,2025-11-21T16:40:00Z,659.75,660.03,659.72,659.9975,28363,861
SPY,2025-11-21T16:45:00Z,659.99,660.055,659.26,659.6,26836,862
SPY,2025-11-21T16:50:00Z,659.55,659.9,659.03,659.871,84046,863
SPY,2025-11-21T16:55:00Z,659.87,660.0505,659.03,659.882,45217,864