date,close,high,low,open
2026-01-23T14:30:00Z,95.815,95.835,95.805,95.825
2026-01-23T14:35:00Z,95.835,95.845,95.815,95.815
2026-01-23T14:40:00Z,95.82,95.835,95.815,95.835
2026-01-23T14:45:00Z,95.865,95.89,95.82,95.82
2026-01-23T14:50:00Z,95.875,95.88,95.865,95.865
2026-01-23T14:55:00Z,95.905,95.905,95.875,95.875
2026-01-23T15:00:00Z,95.895,95.895,95.85,95.88
2026-01-23T15:05:00Z,95.905,95.935,95.895,95.895
2026-01-23T15:10:00Z,95.91,95.915,95.905,95.905
2026-01-23T15:15:00Z,95.885,95.915,95.885,95.915
2026-01-23T15:20:00Z,95.895,95.905,95.88,95.885
2026-01-23T15:25:00Z,95.875,95.895,95.865,95.895
2026-01-23T15:30:00Z,95.875,95.88,95.865,95.875
2026-01-23T15:35:00Z,95.885,95.885,95.875,95.875
2026-01-23T15:40:00Z,95.89,95.895,95.885,95.885
2026-01-23T15:45:00Z,95.875,95.89,95.875,95.885
2026-01-23T15:50:00Z,95.905,95.905,95.875,95.875
2026-01-23T15:55:00Z,95.895,95.905,95.895,95.905
2026-01-23T16:00:00Z,95.915,95.925,95.895,95.895
2026-01-23T16:05:00Z,95.905,95.915,95.905,95.915
2026-01-23T16:10:00Z,95.875,95.905,95.875,95.905
2026-01-23T16:15:00Z,95.855,95.875,95.855,95.875
2026-01-23T16:20:00Z,95.855,95.865,95.84,95.855
2026-01-23T16:25:00Z,95.86,95.865,95.845,95.855
2026-01-23T16:30:00Z,95.87,95.875,95.865,95.865
2026-01-23T16:35:00Z,95.865,95.875,95.855,95.875
2026-01-23T16:40:00Z,95.855,95.875,95.855,95.865
2026-01-23T16:45:00Z,95.83,95.855,95.825,95.855
2026-01-23T16:50:00Z,95.82,95.845,95.805,95.825
2026-01-23T16:55:00Z,95.81,95.82,95.8,95.82
2026-01-23T17:00:00Z,95.82,95.825,95.785,95.815
2026-01-23T17:05:00Z,95.82,95.825,95.815,95.815
2026-01-23T17:10:00Z,95.845,95.845,95.815,95.825
2026-01-23T17:15:00Z,95.845,95.845,95.835,95.845
2026-01-23T17:20:00Z,95.835,95.845,95.825,95.845
2026-01-23T17:25:00Z,95.835,95.835,95.825,95.835
2026-01-23T17:30:00Z,95.825,95.835,95.815,95.835
2026-01-23T17:35:00Z,95.825,95.825,95.815,95.825
2026-01-23T17:40:00Z,95.815,95.825,95.815,95.825
2026-01-23T17:45:00Z,95.795,95.815,95.775,95.815
2026-01-23T17:50:00Z,95.785,95.795,95.78,95.795
2026-01-23T17:55:00Z,95.765,95.785,95.755,95.785
2026-01-23T18:00:00Z,95.785,95.785,95.765,95.765
2026-01-23T18:05:00Z,95.775,95.785,95.775,95.785
2026-01-23T18:10:00Z,95.775,95.78,95.775,95.775
2026-01-23T18:15:00Z,95.775,95.78,95.775,95.775
2026-01-23T18:20:00Z,95.785,95.785,95.775,95.775
2026-01-23T18:25:00Z,95.795,95.795,95.785,95.785
2026-01-23T18:30:00Z,95.805,95.805,95.795,95.795
2026-01-23T18:35:00Z,95.795,95.805,95.795,95.805
2026-01-23T18:40:00Z,95.795,95.795,95.795,95.795
2026-01-23T18:45:00Z,95.81,95.815,95.795,95.795
2026-01-23T18:50:00Z,95.795,95.815,95.795,95.815
2026-01-23T18:55:00Z,95.805,95.805,95.795,95.795
2026-01-23T19:00:00Z,95.815,95.815,95.805,95.805
2026-01-23T19:05:00Z,95.815,95.815,95.815,95.815
2026-01-23T19:10:00Z,95.83,95.83,95.815,95.815
2026-01-23T19:15:00Z,95.825,95.83,95.825,95.825
2026-01-23T19:20:00Z,95.815,95.825,95.815,95.825
2026-01-23T19:25:00Z,95.81,95.825,95.81,95.815
2026-01-23T19:30:00Z,95.825,95.825,95.815,95.815
2026-01-23T19:35:00Z,95.815,95.825,95.815,95.825
2026-01-23T19:40:00Z,95.835,95.84,95.815,95.815
2026-01-23T19:45:00Z,95.875,95.885,95.835,95.835
2026-01-23T19:50:00Z,95.895,95.905,95.875,95.875
2026-01-23T19:55:00Z,95.915,95.915,95.895,95.895
2026-01-23T20:00:00Z,95.915,95.925,95.905,95.915
2026-01-23T20:05:00Z,95.925,95.925,95.915,95.915
2026-01-23T20:10:00Z,95.94,95.94,95.925,95.925
2026-01-23T20:15:00Z,95.96,95.965,95.945,95.945
2026-01-23T20:20:00Z,95.945,95.965,95.945,95.965
2026-01-23T20:25:00Z,95.945,95.95,95.945,95.945
2026-01-23T20:30:00Z,95.945,95.945,95.94,95.945
2026-01-23T20:35:00Z,95.945,95.945,95.935,95.945
2026-01-23T20:40:00Z,95.945,95.95,95.945,95.945
2026-01-23T20:45:00Z,95.945,95.945,95.945,95.945
2026-01-23T20:50:00Z,95.97,95.97,95.945,95.945
2026-01-23T20:55:00Z,95.95,95.97,95.945,95.965
2026-01-26T14:30:00Z,96.07,96.115,96.065,96.1
2026-01-26T14:35:00Z,96.055,96.07,96.045,96.065
2026-01-26T14:40:00Z,96.055,96.07,96.055,96.055
2026-01-26T14:45:00Z,96.065,96.075,96.055,96.055
2026-01-26T14:50:00Z,96.06,96.065,96.045,96.065
2026-01-26T14:55:00Z,96.075,96.085,96.055,96.055
2026-01-26T15:00:00Z,96.085,96.085,96.065,96.075
2026-01-26T15:05:00Z,96.115,96.125,96.075,96.085
2026-01-26T15:10:00Z,96.125,96.125,96.105,96.115
2026-01-26T15:15:00Z,96.125,96.125,96.115,96.125
2026-01-26T15:20:00Z,96.145,96.145,96.115,96.125
2026-01-26T15:25:00Z,96.135,96.155,96.135,96.145
2026-01-26T15:30:00Z,96.145,96.145,96.12,96.135
2026-01-26T15:35:00Z,96.125,96.145,96.115,96.145
2026-01-26T15:40:00Z,96.13,96.135,96.125,96.125
2026-01-26T15:45:00Z,96.115,96.135,96.115,96.135
2026-01-26T15:50:00Z,96.095,96.115,96.095,96.115
2026-01-26T15:55:00Z,96.085,96.095,96.085,96.095
2026-01-26T16:00:00Z,96.095,96.1,96.085,96.085
2026-01-26T16:05:00Z,96.1,96.105,96.095,96.095
2026-01-26T16:10:00Z,96.085,96.105,96.085,96.095
2026-01-26T16:15:00Z,96.085,96.085,96.065,96.085
2026-01-26T16:20:00Z,96.075,96.085,96.07,96.085
2026-01-26T16:25:00Z,96.075,96.085,96.07,96.075
2026-01-26T16:30:00Z,96.065,96.075,96.055,96.075
2026-01-26T16:35:00Z,96.075,96.085,96.065,96.065
2026-01-26T16:40:00Z,96.075,96.085,96.075,96.075
2026-01-26T16:45:00Z,96.095,96.105,96.075,96.08
2026-01-26T16:50:00Z,96.085,96.095,96.085,96.095
2026-01-26T16:55:00Z,96.07,96.085,96.065,96.085
2026-01-26T17:00:00Z,96.065,96.07,96.06,96.07
2026-01-26T17:05:00Z,96.065,96.065,96.055,96.065
2026-01-26T17:10:00Z,96.07,96.07,96.055,96.065
2026-01-26T17:15:00Z,96.07,96.075,96.065,96.065
2026-01-26T17:20:00Z,96.065,96.075,96.065,96.075
2026-01-26T17:25:00Z,96.075,96.08,96.065,96.065
2026-01-26T17:30:00Z,96.09,96.09,96.075,96.075
2026-01-26T17:35:00Z,96.105,96.105,96.08,96.085
2026-01-26T17:40:00Z,96.105,96.105,96.1,96.105
2026-01-26T17:45:00Z,96.115,96.115,96.095,96.105
2026-01-26T17:50:00Z,96.105,96.115,96.105,96.115
2026-01-26T17:55:00Z,96.105,96.105,96.105,96.105
2026-01-26T18:00:00Z,96.115,96.125,96.095,96.105
2026-01-26T18:05:00Z,96.125,96.125,96.115,96.115
2026-01-26T18:10:00Z,96.125,96.135,96.125,96.125
2026-01-26T18:15:00Z,96.115,96.125,96.115,96.125
2026-01-26T18:20:00Z,96.12,96.125,96.115,96.115
2026-01-26T18:25:00Z,96.125,96.125,96.105,96.12
2026-01-26T18:30:00Z,96.125,96.125,96.125,96.125
2026-01-26T18:35:00Z,96.115,96.125,96.11,96.125
2026-01-26T18:40:00Z,96.095,96.115,96.095,96.115
2026-01-26T18:45:00Z,96.085,96.095,96.085,96.095
2026-01-26T18:50:00Z,96.095,96.095,96.085,96.085
2026-01-26T18:55:00Z,96.09,96.095,96.085,96.095
2026-01-26T19:00:00Z,96.085,96.085,96.08,96.085
2026-01-26T19:05:00Z,96.095,96.095,96.085,96.085
2026-01-26T19:10:00Z,96.095,96.095,96.085,96.095
2026-01-26T19:15:00Z,96.095,96.105,96.095,96.095
2026-01-26T19:20:00Z,96.095,96.095,96.095,96.095
2026-01-26T19:25:00Z,96.085,96.105,96.085,96.095
2026-01-26T19:30:00Z,96.095,96.095,96.085,96.085
2026-01-26T19:35:00Z,96.1,96.105,96.095,96.095
2026-01-26T19:40:00Z,96.105,96.105,96.095,96.105
2026-01-26T19:45:00Z,96.105,96.105,96.095,96.105
2026-01-26T19:50:00Z,96.115,96.115,96.105,96.105
2026-01-26T19:55:00Z,96.08,96.115,96.08,96.115
2026-01-26T20:00:00Z,96.075,96.085,96.07,96.085
2026-01-26T20:05:00Z,96.075,96.075,96.075,96.075
2026-01-26T20:10:00Z,96.095,96.095,96.075,96.075
2026-01-26T20:15:00Z,96.09,96.105,96.09,96.095
2026-01-26T20:20:00Z,96.095,96.095,96.085,96.095
2026-01-26T20:25:00Z,96.095,96.095,96.095,96.095
2026-01-26T20:30:00Z,96.085,96.095,96.085,96.095
2026-01-26T20:35:00Z,96.075,96.085,96.065,96.085
2026-01-26T20:40:00Z,96.085,96.085,96.07,96.075
2026-01-26T20:45:00Z,96.075,96.085,96.075,96.085
2026-01-26T20:50:00Z,96.07,96.075,96.07,96.075
2026-01-26T20:55:00Z,96.07,96.08,96.07,96.075
2026-01-27T14:30:00Z,96.065,96.085,96.03,96.03
2026-01-27T14:35:00Z,96.065,96.065,96.045,96.065
2026-01-27T14:40:00Z,96.065,96.08,96.065,96.065
2026-01-27T14:45:00Z,96.025,96.07,96.025,96.065
2026-01-27T14:50:00Z,96.06,96.06,96.025,96.025
2026-01-27T14:55:00Z,96.035,96.06,96.03,96.055
2026-01-27T15:00:00Z,96.115,96.115,96.035,96.035
2026-01-27T15:05:00Z,96.105,96.135,96.105,96.115
2026-01-27T15:10:00Z,96.14,96.145,96.105,96.105
2026-01-27T15:15:00Z,96.105,96.135,96.095,96.135
2026-01-27T15:20:00Z,96.095,96.105,96.09,96.105
2026-01-27T15:25:00Z,96.095,96.105,96.095,96.095
2026-01-27T15:30:00Z,96.09,96.1,96.085,96.095
2026-01-27T15:35:00Z,96.095,96.095,96.085,96.085
2026-01-27T15:40:00Z,96.075,96.095,96.065,96.09
2026-01-27T15:45:00Z,96.075,96.085,96.07,96.075
2026-01-27T15:50:00Z,96.075,96.085,96.065,96.075
2026-01-27T15:55:00Z,96.075,96.095,96.065,96.075
2026-01-27T16:00:00Z,96.085,96.095,96.075,96.075
2026-01-27T16:05:00Z,96.07,96.085,96.07,96.085
2026-01-27T16:10:00Z,96.045,96.085,96.045,96.075
2026-01-27T16:15:00Z,96.035,96.045,96.03,96.045
2026-01-27T16:20:00Z,96.045,96.045,96.025,96.035
2026-01-27T16:25:00Z,96.065,96.065,96.045,96.045
2026-01-27T16:30:00Z,96.075,96.075,96.06,96.065
2026-01-27T16:35:00Z,96.06,96.075,96.06,96.075
2026-01-27T16:40:00Z,96.045,96.065,96.045,96.065
2026-01-27T16:45:00Z,96.055,96.055,96.04,96.045
2026-01-27T16:50:00Z,96.055,96.055,96.05,96.055
2026-01-27T16:55:00Z,96.065,96.075,96.055,96.055
2026-01-27T17:00:00Z,96.025,96.065,96.025,96.065
2026-01-27T17:05:00Z,95.995,96.025,95.985,96.025
2026-01-27T17:10:00Z,96.025,96.025,95.99,95.995
2026-01-27T17:15:00Z,96.025,96.025,96.015,96.025
2026-01-27T17:20:00Z,96.035,96.045,96.025,96.025
2026-01-27T17:25:00Z,96.045,96.045,96.035,96.035
2026-01-27T17:30:00Z,96.025,96.045,96.025,96.045
2026-01-27T17:35:00Z,96.025,96.035,96.025,96.025
2026-01-27T17:40:00Z,96.045,96.045,96.025,96.025
2026-01-27T17:45:00Z,96.055,96.055,96.045,96.045
2026-01-27T17:50:00Z,96.065,96.07,96.055,96.055
2026-01-27T17:55:00Z,96.035,96.065,96.035,96.065
2026-01-27T18:00:00Z,96.005,96.04,96.005,96.035
2026-01-27T18:05:00Z,95.985,96.005,95.975,96.005
2026-01-27T18:10:00Z,95.985,95.99,95.975,95.985
2026-01-27T18:15:00Z,96.005,96.005,95.985,95.985
2026-01-27T18:20:00Z,96.005,96.005,95.99,96.005
2026-01-27T18:25:00Z,96.02,96.025,95.995,96.005
2026-01-27T18:30:00Z,96.035,96.045,96.005,96.025
2026-01-27T18:35:00Z,96.025,96.04,96.025,96.035
2026-01-27T18:40:00Z,96.01,96.025,96.005,96.025
2026-01-27T18:45:00Z,96.015,96.015,95.995,96.005
2026-01-27T18:50:00Z,96.015,96.035,96.015,96.015
2026-01-27T18:55:00Z,96.005,96.02,96.005,96.015
2026-01-27T19:00:00Z,96.015,96.015,95.995,96.005
2026-01-27T19:05:00Z,96.015,96.015,96.01,96.015
2026-01-27T19:10:00Z,96.005,96.015,96.005,96.015
2026-01-27T19:15:00Z,96,96.005,95.995,96.005
2026-01-27T19:20:00Z,96.005,96.005,95.995,96
2026-01-27T19:25:00Z,96,96.005,95.995,96.005
2026-01-27T19:30:00Z,95.985,96.01,95.98,96.005
2026-01-27T19:35:00Z,95.99,95.995,95.98,95.985
2026-01-27T19:40:00Z,96.005,96.015,95.995,95.995
2026-01-27T19:45:00Z,95.99,96.005,95.985,96.005
2026-01-27T19:50:00Z,96.005,96.005,95.995,95.995
2026-01-27T19:55:00Z,96.035,96.04,96.005,96.005
2026-01-27T20:00:00Z,96.025,96.035,96.02,96.035
2026-01-27T20:05:00Z,96.025,96.025,96.015,96.025
2026-01-27T20:10:00Z,96.02,96.035,96.02,96.025
2026-01-27T20:15:00Z,96.005,96.03,96.005,96.025
2026-01-27T20:20:00Z,96.005,96.005,96,96.005
2026-01-27T20:25:00Z,95.995,96.005,95.995,96.005
2026-01-27T20:30:00Z,96.015,96.015,95.995,95.995
2026-01-27T20:35:00Z,96.015,96.015,96.01,96.015
2026-01-27T20:40:00Z,96.015,96.015,96.01,96.015
2026-01-27T20:45:00Z,96.005,96.015,96,96.015
2026-01-27T20:50:00Z,95.99,96.005,95.975,96.005
2026-01-27T20:55:00Z,95.975,95.985,95.95,95.985
2026-01-28T14:30:00Z,95.945,95.945,95.915,95.92
2026-01-28T14:35:00Z,95.895,95.945,95.885,95.945
2026-01-28T14:40:00Z,95.895,95.905,95.895,95.895
2026-01-28T14:45:00Z,95.855,95.905,95.855,95.895
2026-01-28T14:50:00Z,95.845,95.855,95.835,95.855
2026-01-28T14:55:00Z,95.845,95.845,95.835,95.845
2026-01-28T15:00:00Z,95.825,95.85,95.825,95.845
2026-01-28T15:05:00Z,95.865,95.875,95.805,95.825
2026-01-28T15:10:00Z,95.865,95.9,95.855,95.865
2026-01-28T15:15:00Z,95.865,95.875,95.845,95.865
2026-01-28T15:20:00Z,95.845,95.865,95.845,95.865
2026-01-28T15:25:00Z,95.865,95.865,95.845,95.845
2026-01-28T15:30:00Z,95.855,95.865,95.855,95.865
2026-01-28T15:35:00Z,95.815,95.855,95.815,95.855
2026-01-28T15:40:00Z,95.835,95.835,95.805,95.815
2026-01-28T15:45:00Z,95.855,95.865,95.835,95.835
2026-01-28T15:50:00Z,95.875,95.88,95.855,95.855
2026-01-28T15:55:00Z,95.86,95.875,95.85,95.875
2026-01-28T16:00:00Z,95.855,95.865,95.855,95.865
2026-01-28T16:05:00Z,95.855,95.875,95.855,95.855
2026-01-28T16:10:00Z,95.865,95.875,95.845,95.855
2026-01-28T16:15:00Z,95.87,95.875,95.865,95.865
2026-01-28T16:20:00Z,95.875,95.885,95.875,95.875
2026-01-28T16:25:00Z,95.875,95.895,95.875,95.875
2026-01-28T16:30:00Z,95.865,95.885,95.86,95.875
2026-01-28T16:35:00Z,95.835,95.865,95.835,95.865
2026-01-28T16:40:00Z,95.845,95.845,95.835,95.835
2026-01-28T16:45:00Z,95.835,95.845,95.825,95.845
2026-01-28T16:50:00Z,95.83,95.835,95.825,95.835
2026-01-28T16:55:00Z,95.855,95.855,95.835,95.835
2026-01-28T17:00:00Z,95.835,95.855,95.835,95.855
2026-01-28T17:05:00Z,95.83,95.835,95.825,95.835
2026-01-28T17:10:00Z,95.835,95.835,95.825,95.825
2026-01-28T17:15:00Z,95.805,95.835,95.805,95.835
2026-01-28T17:20:00Z,95.825,95.825,95.805,95.805
2026-01-28T17:25:00Z,95.825,95.835,95.825,95.825
2026-01-28T17:30:00Z,95.825,95.825,95.825,95.825
2026-01-28T17:35:00Z,95.815,95.825,95.815,95.825
2026-01-28T17:40:00Z,95.805,95.815,95.805,95.815
2026-01-28T17:45:00Z,95.825,95.825,95.805,95.805
2026-01-28T17:50:00Z,95.825,95.825,95.825,95.825
2026-01-28T17:55:00Z,95.825,95.825,95.82,95.825
2026-01-28T18:00:00Z,95.815,95.825,95.805,95.825
2026-01-28T18:05:00Z,95.825,95.835,95.815,95.815
2026-01-28T18:10:00Z,95.845,95.845,95.825,95.825
2026-01-28T18:15:00Z,95.825,95.845,95.825,95.845
2026-01-28T18:20:00Z,95.825,95.83,95.825,95.825
2026-01-28T18:25:00Z,95.825,95.825,95.825,95.825
2026-01-28T18:30:00Z,95.815,95.825,95.815,95.825
2026-01-28T18:35:00Z,95.805,95.82,95.805,95.815
2026-01-28T18:40:00Z,95.815,95.815,95.805,95.805
2026-01-28T18:45:00Z,95.815,95.815,95.815,95.815
2026-01-28T18:50:00Z,95.805,95.815,95.805,95.815
2026-01-28T18:55:00Z,95.785,95.805,95.785,95.805
2026-01-28T19:00:00Z,95.785,95.835,95.745,95.785
2026-01-28T19:05:00Z,95.795,95.795,95.775,95.785
2026-01-28T19:10:00Z,95.765,95.795,95.765,95.795
2026-01-28T19:15:00Z,95.785,95.795,95.765,95.765
2026-01-28T19:20:00Z,95.755,95.795,95.75,95.785
2026-01-28T19:25:00Z,95.735,95.765,95.725,95.755
2026-01-28T19:30:00Z,95.765,95.77,95.73,95.735
2026-01-28T19:35:00Z,95.825,95.835,95.755,95.765
2026-01-28T19:40:00Z,95.805,95.835,95.795,95.825
2026-01-28T19:45:00Z,95.825,95.845,95.795,95.805
2026-01-28T19:50:00Z,95.865,95.865,95.825,95.825
2026-01-28T19:55:00Z,95.875,95.885,95.845,95.865
2026-01-28T20:00:00Z,95.905,95.905,95.875,95.875
2026-01-28T20:05:00Z,95.875,95.92,95.875,95.905
2026-01-28T20:10:00Z,95.885,95.895,95.875,95.875
2026-01-28T20:15:00Z,95.865,95.885,95.865,95.885
2026-01-28T20:20:00Z,95.865,95.88,95.865,95.865
2026-01-28T20:25:00Z,95.865,95.865,95.865,95.865
2026-01-28T20:30:00Z,95.875,95.875,95.865,95.865
2026-01-28T20:35:00Z,95.875,95.875,95.865,95.875
2026-01-28T20:40:00Z,95.865,95.875,95.865,95.875
2026-01-28T20:45:00Z,95.865,95.87,95.86,95.865
2026-01-28T20:50:00Z,95.87,95.87,95.865,95.865
2026-01-28T20:55:00Z,95.895,95.905,95.865,95.865
2026-01-29T14:30:00Z,95.805,95.81,95.79,95.795
2026-01-29T14:35:00Z,95.795,95.815,95.785,95.805
2026-01-29T14:40:00Z,95.805,95.805,95.785,95.795
2026-01-29T14:45:00Z,95.865,95.875,95.805,95.805
2026-01-29T14:50:00Z,95.895,95.925,95.855,95.865
2026-01-29T14:55:00Z,95.875,95.895,95.87,95.895
2026-01-29T15:00:00Z,95.885,95.895,95.865,95.875
2026-01-29T15:05:00Z,95.91,95.915,95.875,95.885
2026-01-29T15:10:00Z,95.915,95.92,95.885,95.905
2026-01-29T15:15:00Z,95.935,95.985,95.905,95.915
2026-01-29T15:20:00Z,95.915,95.945,95.905,95.935
2026-01-29T15:25:00Z,95.965,95.965,95.91,95.915
2026-01-29T15:30:00Z,95.975,95.975,95.945,95.965
2026-01-29T15:35:00Z,96.045,96.045,95.975,95.975
2026-01-29T15:40:00Z,96.065,96.075,96.045,96.045
2026-01-29T15:45:00Z,96.015,96.075,96.015,96.065
2026-01-29T15:50:00Z,96.03,96.035,96.01,96.015
2026-01-29T15:55:00Z,95.965,96.035,95.965,96.035
2026-01-29T16:00:00Z,96.005,96.005,95.965,95.965
2026-01-29T16:05:00Z,96.005,96.03,95.975,96.005
2026-01-29T16:10:00Z,95.975,96.01,95.97,96.005
2026-01-29T16:15:00Z,95.975,95.995,95.975,95.975
2026-01-29T16:20:00Z,95.98,95.98,95.945,95.975
2026-01-29T16:25:00Z,95.975,95.985,95.97,95.975
2026-01-29T16:30:00Z,95.995,95.995,95.975,95.975
2026-01-29T16:35:00Z,96.01,96.01,95.985,95.995
2026-01-29T16:40:00Z,96.005,96.015,95.995,96.015
2026-01-29T16:45:00Z,95.995,96.005,95.995,96
2026-01-29T16:50:00Z,95.985,95.995,95.96,95.995
2026-01-29T16:55:00Z,95.96,95.985,95.96,95.985
2026-01-29T17:00:00Z,95.955,95.965,95.95,95.96
2026-01-29T17:05:00Z,95.965,95.965,95.945,95.955
2026-01-29T17:10:00Z,95.955,95.97,95.95,95.965
2026-01-29T17:15:00Z,95.955,95.965,95.945,95.955
2026-01-29T17:20:00Z,95.98,95.985,95.95,95.955
2026-01-29T17:25:00Z,95.975,95.985,95.965,95.975
2026-01-29T17:30:00Z,96.005,96.005,95.975,95.975
2026-01-29T17:35:00Z,96.015,96.015,96.005,96.005
2026-01-29T17:40:00Z,96.035,96.045,96.015,96.015
2026-01-29T17:45:00Z,96.045,96.045,96.035,96.035
2026-01-29T17:50:00Z,96.055,96.055,96.035,96.045
2026-01-29T17:55:00Z,96.045,96.055,96.045,96.055
2026-01-29T18:00:00Z,96.015,96.05,96.015,96.045
2026-01-29T18:05:00Z,96.005,96.015,95.985,96.015
2026-01-29T18:10:00Z,96.01,96.015,95.995,96.005
2026-01-29T18:15:00Z,96.005,96.025,96.005,96.015
2026-01-29T18:20:00Z,96.025,96.025,96.005,96.005
2026-01-29T18:25:00Z,96.045,96.045,96.025,96.025
2026-01-29T18:30:00Z,96.05,96.055,96.03,96.045
2026-01-29T18:35:00Z,96.04,96.055,96.04,96.045
2026-01-29T18:40:00Z,96.045,96.045,96.03,96.04
2026-01-29T18:45:00Z,96.035,96.055,96.035,96.045
2026-01-29T18:50:00Z,96.045,96.045,96.035,96.035
2026-01-29T18:55:00Z,96.045,96.045,96.045,96.045
2026-01-29T19:00:00Z,96.065,96.065,96.045,96.045
2026-01-29T19:05:00Z,96.055,96.065,96.055,96.065
2026-01-29T19:10:00Z,96.065,96.065,96.055,96.055
2026-01-29T19:15:00Z,96.06,96.065,96.05,96.065
2026-01-29T19:20:00Z,96.07,96.075,96.055,96.06
2026-01-29T19:25:00Z,96.075,96.075,96.065,96.075
2026-01-29T19:30:00Z,96.085,96.085,96.07,96.075
2026-01-29T19:35:00Z,96.06,96.085,96.06,96.085
2026-01-29T19:40:00Z,96.075,96.08,96.065,96.065
2026-01-29T19:45:00Z,96.065,96.075,96.05,96.075
2026-01-29T19:50:00Z,96.06,96.065,96.06,96.065
2026-01-29T19:55:00Z,96.055,96.065,96.055,96.065
2026-01-29T20:00:00Z,96.045,96.055,96.045,96.055
2026-01-29T20:05:00Z,96.04,96.045,96.035,96.045
2026-01-29T20:10:00Z,96.045,96.045,96.04,96.04
2026-01-29T20:15:00Z,96.045,96.045,96.035,96.045
2026-01-29T20:20:00Z,96.04,96.045,96.035,96.045
2026-01-29T20:25:00Z,96.045,96.045,96.035,96.035
2026-01-29T20:30:00Z,96.04,96.05,96.04,96.045
2026-01-29T20:35:00Z,96.045,96.045,96.04,96.045
2026-01-29T20:40:00Z,96.04,96.045,96.04,96.045
2026-01-29T20:45:00Z,95.985,96.045,95.98,96.045
2026-01-29T20:50:00Z,96.005,96.005,95.975,95.985
2026-01-29T20:55:00Z,96.01,96.015,95.985,96.005
2026-01-30T14:30:00Z,95.995,95.995,95.955,95.99
2026-01-30T14:35:00Z,95.995,95.995,95.985,95.995
2026-01-30T14:40:00Z,95.985,96.01,95.98,95.995
2026-01-30T14:45:00Z,95.985,95.99,95.965,95.985
2026-01-30T14:50:00Z,95.985,95.99,95.975,95.985
2026-01-30T14:55:00Z,95.995,95.995,95.985,95.985
2026-01-30T15:00:00Z,96.005,96.01,95.99,95.995
2026-01-30T15:05:00Z,95.965,96.03,95.965,96.005
2026-01-30T15:10:00Z,95.965,95.975,95.94,95.965
2026-01-30T15:15:00Z,95.965,95.975,95.96,95.965
2026-01-30T15:20:00Z,95.975,95.98,95.965,95.965
2026-01-30T15:25:00Z,95.995,95.995,95.975,95.975
2026-01-30T15:30:00Z,95.975,95.995,95.965,95.995
2026-01-30T15:35:00Z,95.965,95.975,95.955,95.975
2026-01-30T15:40:00Z,95.975,95.98,95.965,95.965
2026-01-30T15:45:00Z,95.965,95.975,95.955,95.975
2026-01-30T15:50:00Z,95.985,95.99,95.965,95.965
2026-01-30T15:55:00Z,95.985,96,95.98,95.99
2026-01-30T16:00:00Z,95.975,95.985,95.965,95.985
2026-01-30T16:05:00Z,95.965,95.975,95.965,95.975
2026-01-30T16:10:00Z,95.955,95.965,95.955,95.965
2026-01-30T16:15:00Z,95.96,95.965,95.95,95.955
2026-01-30T16:20:00Z,95.975,95.975,95.965,95.965
2026-01-30T16:25:00Z,95.965,95.975,95.965,95.975
2026-01-30T16:30:00Z,95.965,95.975,95.955,95.965
2026-01-30T16:35:00Z,95.975,95.975,95.965,95.965
2026-01-30T16:40:00Z,95.965,95.985,95.965,95.975
2026-01-30T16:45:00Z,95.985,95.985,95.965,95.965
2026-01-30T16:50:00Z,95.975,95.985,95.975,95.985
2026-01-30T16:55:00Z,95.965,95.98,95.965,95.975
2026-01-30T17:00:00Z,95.96,95.97,95.955,95.965
2026-01-30T17:05:00Z,95.965,95.965,95.955,95.955
2026-01-30T17:10:00Z,95.955,95.975,95.95,95.965
2026-01-30T17:15:00Z,95.945,95.955,95.935,95.955
2026-01-30T17:20:00Z,95.935,95.945,95.935,95.945
2026-01-30T17:25:00Z,95.925,95.935,95.91,95.935
2026-01-30T17:30:00Z,95.925,95.935,95.92,95.925
2026-01-30T17:35:00Z,95.955,95.955,95.925,95.925
2026-01-30T17:40:00Z,95.975,95.975,95.955,95.955
2026-01-30T17:45:00Z,95.975,95.975,95.965,95.975
2026-01-30T17:50:00Z,95.995,96,95.975,95.975
2026-01-30T17:55:00Z,95.995,95.995,95.985,95.995
2026-01-30T18:00:00Z,95.995,95.995,95.995,95.995
2026-01-30T18:05:00Z,96.015,96.015,95.995,95.995
2026-01-30T18:10:00Z,96.015,96.015,96.005,96.015
2026-01-30T18:15:00Z,96.045,96.05,96.015,96.015
2026-01-30T18:20:00Z,96.035,96.055,96.035,96.045
2026-01-30T18:25:00Z,96.035,96.035,96.035,96.035
2026-01-30T18:30:00Z,96.045,96.045,96.035,96.035
2026-01-30T18:35:00Z,96.035,96.045,96.025,96.045
2026-01-30T18:40:00Z,96.015,96.035,96.015,96.035
2026-01-30T18:45:00Z,96.01,96.015,95.995,96.015
2026-01-30T18:50:00Z,96.025,96.025,96.005,96.005
2026-01-30T18:55:00Z,96.005,96.025,95.995,96.025
2026-01-30T19:00:00Z,96.015,96.02,95.995,95.995
2026-01-30T19:05:00Z,96.015,96.025,96.015,96.015
2026-01-30T19:10:00Z,96.035,96.045,96.015,96.015
2026-01-30T19:15:00Z,96.05,96.05,96.035,96.035
2026-01-30T19:20:00Z,96.045,96.05,96.045,96.045
2026-01-30T19:25:00Z,96.045,96.045,96.04,96.045
2026-01-30T19:30:00Z,96.035,96.045,96.035,96.045
2026-01-30T19:35:00Z,96.035,96.035,96.025,96.035
2026-01-30T19:40:00Z,96.025,96.035,96.025,96.035
2026-01-30T19:45:00Z,96.025,96.025,96.015,96.025
2026-01-30T19:50:00Z,96.025,96.03,96.025,96.025
2026-01-30T19:55:00Z,96.025,96.03,96.025,96.025
2026-01-30T20:00:00Z,96.02,96.025,96.005,96.025
2026-01-30T20:05:00Z,96.015,96.025,96.015,96.015
2026-01-30T20:10:00Z,96.005,96.015,96.005,96.015
2026-01-30T20:15:00Z,96.015,96.02,96.005,96.005
2026-01-30T20:20:00Z,96.015,96.015,96.005,96.015
2026-01-30T20:25:00Z,96.01,96.025,96.01,96.015
2026-01-30T20:30:00Z,95.995,96.01,95.99,96.01
2026-01-30T20:35:00Z,96.015,96.015,95.995,95.995
2026-01-30T20:40:00Z,96.015,96.015,96.005,96.015
2026-01-30T20:45:00Z,95.995,96.015,95.985,96.015
2026-01-30T20:50:00Z,96.015,96.015,95.98,95.995
2026-01-30T20:55:00Z,95.935,96.015,95.905,96.015
2026-02-02T14:30:00Z,95.665,95.685,95.655,95.675
2026-02-02T14:35:00Z,95.675,95.675,95.655,95.665
2026-02-02T14:40:00Z,95.67,95.675,95.655,95.675
2026-02-02T14:45:00Z,95.645,95.67,95.635,95.665
2026-02-02T14:50:00Z,95.625,95.645,95.625,95.645
2026-02-02T14:55:00Z,95.65,95.655,95.625,95.625
2026-02-02T15:00:00Z,95.495,95.645,95.475,95.645
2026-02-02T15:05:00Z,95.495,95.515,95.475,95.495
2026-02-02T15:10:00Z,95.445,95.495,95.445,95.495
2026-02-02T15:15:00Z,95.445,95.465,95.435,95.445
2026-02-02T15:20:00Z,95.465,95.47,95.445,95.445
2026-02-02T15:25:00Z,95.475,95.475,95.455,95.465
2026-02-02T15:30:00Z,95.475,95.5,95.47,95.475
2026-02-02T15:35:00Z,95.465,95.475,95.455,95.475
2026-02-02T15:40:00Z,95.485,95.495,95.465,95.465
2026-02-02T15:45:00Z,95.475,95.485,95.465,95.485
2026-02-02T15:50:00Z,95.485,95.495,95.475,95.475
2026-02-02T15:55:00Z,95.485,95.505,95.485,95.485
2026-02-02T16:00:00Z,95.49,95.505,95.485,95.485
2026-02-02T16:05:00Z,95.495,95.51,95.485,95.485
2026-02-02T16:10:00Z,95.485,95.495,95.485,95.495
2026-02-02T16:15:00Z,95.49,95.5,95.485,95.485
2026-02-02T16:20:00Z,95.475,95.495,95.475,95.485
2026-02-02T16:25:00Z,95.475,95.475,95.465,95.475
2026-02-02T16:30:00Z,95.49,95.515,95.465,95.475
2026-02-02T16:35:00Z,95.495,95.5,95.48,95.495
2026-02-02T16:40:00Z,95.5,95.505,95.495,95.495
2026-02-02T16:45:00Z,95.5,95.505,95.495,95.505
2026-02-02T16:50:00Z,95.495,95.505,95.49,95.505
2026-02-02T16:55:00Z,95.505,95.505,95.485,95.495
2026-02-02T17:00:00Z,95.515,95.52,95.505,95.505
2026-02-02T17:05:00Z,95.52,95.52,95.515,95.515
2026-02-02T17:10:00Z,95.525,95.525,95.515,95.515
2026-02-02T17:15:00Z,95.545,95.555,95.525,95.525
2026-02-02T17:20:00Z,95.545,95.545,95.545,95.545
2026-02-02T17:25:00Z,95.555,95.565,95.545,95.545
2026-02-02T17:30:00Z,95.575,95.575,95.555,95.555
2026-02-02T17:35:00Z,95.545,95.575,95.545,95.575
2026-02-02T17:40:00Z,95.555,95.555,95.545,95.545
2026-02-02T17:45:00Z,95.535,95.555,95.535,95.555
2026-02-02T17:50:00Z,95.525,95.535,95.515,95.535
2026-02-02T17:55:00Z,95.515,95.525,95.51,95.525
2026-02-02T18:00:00Z,95.495,95.52,95.495,95.515
2026-02-02T18:05:00Z,95.495,95.495,95.495,95.495
2026-02-02T18:10:00Z,95.495,95.495,95.495,95.495
2026-02-02T18:15:00Z,95.505,95.505,95.495,95.495
2026-02-02T18:20:00Z,95.515,95.515,95.505,95.505
2026-02-02T18:25:00Z,95.505,95.515,95.5,95.515
2026-02-02T18:30:00Z,95.495,95.505,95.485,95.505
2026-02-02T18:35:00Z,95.51,95.515,95.495,95.495
2026-02-02T18:40:00Z,95.515,95.52,95.51,95.515
2026-02-02T18:45:00Z,95.505,95.515,95.505,95.515
2026-02-02T18:50:00Z,95.495,95.505,95.495,95.505
2026-02-02T18:55:00Z,95.485,95.495,95.485,95.495
2026-02-02T19:00:00Z,95.485,95.485,95.475,95.485
2026-02-02T19:05:00Z,95.475,95.485,95.475,95.485
2026-02-02T19:10:00Z,95.485,95.485,95.475,95.475
2026-02-02T19:15:00Z,95.475,95.485,95.47,95.485
2026-02-02T19:20:00Z,95.465,95.475,95.465,95.475
2026-02-02T19:25:00Z,95.465,95.47,95.465,95.465
2026-02-02T19:30:00Z,95.47,95.475,95.465,95.465
2026-02-02T19:35:00Z,95.47,95.475,95.465,95.475
2026-02-02T19:40:00Z,95.485,95.485,95.465,95.465
2026-02-02T19:45:00Z,95.495,95.495,95.485,95.485
2026-02-02T19:50:00Z,95.495,95.495,95.495,95.495
2026-02-02T19:55:00Z,95.475,95.515,95.475,95.495
2026-02-02T20:00:00Z,95.495,95.495,95.475,95.475
2026-02-02T20:05:00Z,95.505,95.505,95.495,95.495
2026-02-02T20:10:00Z,95.505,95.515,95.505,95.505
2026-02-02T20:15:00Z,95.495,95.505,95.495,95.505
2026-02-02T20:20:00Z,95.495,95.495,95.495,95.495
2026-02-02T20:25:00Z,95.49,95.495,95.485,95.495
2026-02-02T20:30:00Z,95.475,95.485,95.465,95.485
2026-02-02T20:35:00Z,95.465,95.48,95.465,95.475
2026-02-02T20:40:00Z,95.47,95.475,95.465,95.465
2026-02-02T20:45:00Z,95.47,95.475,95.465,95.475
2026-02-02T20:50:00Z,95.465,95.475,95.455,95.465
2026-02-02T20:55:00Z,95.455,95.465,95.445,95.465
2026-02-03T14:30:00Z,95.38,95.395,95.375,95.38
2026-02-03T14:35:00Z,95.375,95.385,95.375,95.385
2026-02-03T14:40:00Z,95.405,95.415,95.375,95.375
2026-02-03T14:45:00Z,95.395,95.43,95.395,95.405
2026-02-03T14:50:00Z,95.405,95.415,95.395,95.395
2026-02-03T14:55:00Z,95.435,95.435,95.405,95.405
2026-02-03T15:00:00Z,95.435,95.455,95.435,95.435
2026-02-03T15:05:00Z,95.435,95.445,95.435,95.435
2026-02-03T15:10:00Z,95.445,95.45,95.435,95.435
2026-02-03T15:15:00Z,95.435,95.445,95.435,95.445
2026-02-03T15:20:00Z,95.435,95.435,95.415,95.425
2026-02-03T15:25:00Z,95.435,95.445,95.42,95.445
2026-02-03T15:30:00Z,95.415,95.435,95.405,95.435
2026-02-03T15:35:00Z,95.44,95.455,95.415,95.415
2026-02-03T15:40:00Z,95.435,95.445,95.425,95.445
2026-02-03T15:45:00Z,95.405,95.44,95.405,95.435
2026-02-03T15:50:00Z,95.415,95.415,95.405,95.405
2026-02-03T15:55:00Z,95.395,95.415,95.385,95.415
2026-02-03T16:00:00Z,95.395,95.395,95.38,95.395
2026-02-03T16:05:00Z,95.395,95.395,95.385,95.395
2026-02-03T16:10:00Z,95.395,95.395,95.385,95.395
2026-02-03T16:15:00Z,95.405,95.415,95.395,95.395
2026-02-03T16:20:00Z,95.415,95.42,95.405,95.405
2026-02-03T16:25:00Z,95.425,95.425,95.41,95.415
2026-02-03T16:30:00Z,95.415,95.425,95.415,95.425
2026-02-03T16:35:00Z,95.435,95.435,95.415,95.415
2026-02-03T16:40:00Z,95.435,95.445,95.425,95.435
2026-02-03T16:45:00Z,95.44,95.455,95.435,95.435
2026-02-03T16:50:00Z,95.425,95.445,95.425,95.445
2026-02-03T16:55:00Z,95.425,95.435,95.415,95.425
2026-02-03T17:00:00Z,95.405,95.425,95.405,95.425
2026-02-03T17:05:00Z,95.405,95.41,95.4,95.405
2026-02-03T17:10:00Z,95.395,95.405,95.385,95.405
2026-02-03T17:15:00Z,95.425,95.475,95.395,95.395
2026-02-03T17:20:00Z,95.42,95.44,95.415,95.425
2026-02-03T17:25:00Z,95.4,95.425,95.4,95.425
2026-02-03T17:30:00Z,95.395,95.405,95.395,95.405
2026-02-03T17:35:00Z,95.405,95.41,95.395,95.395
2026-02-03T17:40:00Z,95.4,95.405,95.395,95.405
2026-02-03T17:45:00Z,95.39,95.415,95.385,95.405
2026-02-03T17:50:00Z,95.385,95.395,95.375,95.395
2026-02-03T17:55:00Z,95.395,95.405,95.385,95.385
2026-02-03T18:00:00Z,95.405,95.405,95.395,95.395
2026-02-03T18:05:00Z,95.405,95.405,95.395,95.405
2026-02-03T18:10:00Z,95.415,95.415,95.4,95.405
2026-02-03T18:15:00Z,95.425,95.425,95.415,95.415
2026-02-03T18:20:00Z,95.435,95.44,95.425,95.425
2026-02-03T18:25:00Z,95.435,95.44,95.435,95.435
2026-02-03T18:30:00Z,95.455,95.465,95.435,95.435
2026-02-03T18:35:00Z,95.47,95.48,95.455,95.455
2026-02-03T18:40:00Z,95.495,95.495,95.475,95.475
2026-02-03T18:45:00Z,95.505,95.505,95.495,95.495
2026-02-03T18:50:00Z,95.545,95.555,95.505,95.505
2026-02-03T18:55:00Z,95.535,95.545,95.525,95.545
2026-02-03T19:00:00Z,95.545,95.545,95.535,95.535
2026-02-03T19:05:00Z,95.545,95.545,95.535,95.545
2026-02-03T19:10:00Z,95.49,95.545,95.485,95.545
2026-02-03T19:15:00Z,95.515,95.515,95.485,95.485
2026-02-03T19:20:00Z,95.52,95.525,95.51,95.515
2026-02-03T19:25:00Z,95.545,95.545,95.525,95.525
2026-02-03T19:30:00Z,95.545,95.555,95.535,95.545
2026-02-03T19:35:00Z,95.555,95.555,95.545,95.545
2026-02-03T19:40:00Z,95.555,95.555,95.55,95.555
2026-02-03T19:45:00Z,95.555,95.565,95.555,95.555
2026-02-03T19:50:00Z,95.545,95.555,95.54,95.555
2026-02-03T19:55:00Z,95.505,95.545,95.505,95.545
2026-02-03T20:00:00Z,95.515,95.515,95.505,95.505
2026-02-03T20:05:00Z,95.525,95.525,95.515,95.515
2026-02-03T20:10:00Z,95.52,95.525,95.52,95.525
2026-02-03T20:15:00Z,95.525,95.535,95.52,95.525
2026-02-03T20:20:00Z,95.535,95.535,95.525,95.525
2026-02-03T20:25:00Z,95.545,95.545,95.535,95.535
2026-02-03T20:30:00Z,95.545,95.55,95.545,95.545
2026-02-03T20:35:00Z,95.54,95.545,95.54,95.545
2026-02-03T20:40:00Z,95.54,95.545,95.535,95.545
2026-02-03T20:45:00Z,95.545,95.545,95.54,95.545
2026-02-03T20:50:00Z,95.545,95.545,95.535,95.545
2026-02-03T20:55:00Z,95.545,95.55,95.535,95.545
2026-02-04T14:30:00Z,95.455,95.475,95.44,95.44
2026-02-04T14:35:00Z,95.435,95.465,95.435,95.455
2026-02-04T14:40:00Z,95.435,95.445,95.435,95.435
2026-02-04T14:45:00Z,95.425,95.455,95.415,95.435
2026-02-04T14:50:00Z,95.435,95.44,95.415,95.425
2026-02-04T14:55:00Z,95.445,95.465,95.435,95.435
2026-02-04T15:00:00Z,95.525,95.555,95.39,95.425
2026-02-04T15:05:00Z,95.505,95.54,95.5,95.525
2026-02-04T15:10:00Z,95.495,95.51,95.475,95.505
2026-02-04T15:15:00Z,95.52,95.525,95.48,95.495
2026-02-04T15:20:00Z,95.475,95.525,95.475,95.525
2026-02-04T15:25:00Z,95.455,95.475,95.445,95.475
2026-02-04T15:30:00Z,95.455,95.48,95.445,95.455
2026-02-04T15:35:00Z,95.475,95.49,95.455,95.455
2026-02-04T15:40:00Z,95.455,95.475,95.445,95.475
2026-02-04T15:45:00Z,95.475,95.475,95.455,95.455
2026-02-04T15:50:00Z,95.475,95.495,95.475,95.475
2026-02-04T15:55:00Z,95.465,95.475,95.445,95.475
2026-02-04T16:00:00Z,95.515,95.52,95.44,95.465
2026-02-04T16:05:00Z,95.525,95.535,95.515,95.515
2026-02-04T16:10:00Z,95.515,95.545,95.505,95.525
2026-02-04T16:15:00Z,95.535,95.535,95.515,95.515
2026-02-04T16:20:00Z,95.51,95.535,95.505,95.535
2026-02-04T16:25:00Z,95.495,95.515,95.495,95.505
2026-02-04T16:30:00Z,95.515,95.515,95.495,95.495
2026-02-04T16:35:00Z,95.5,95.525,95.485,95.515
2026-02-04T16:40:00Z,95.505,95.51,95.495,95.5
2026-02-04T16:45:00Z,95.55,95.555,95.505,95.505
2026-02-04T16:50:00Z,95.555,95.565,95.545,95.545
2026-02-04T16:55:00Z,95.515,95.55,95.505,95.55
2026-02-04T17:00:00Z,95.535,95.535,95.515,95.515
2026-02-04T17:05:00Z,95.525,95.545,95.525,95.535
2026-02-04T17:10:00Z,95.535,95.545,95.525,95.525
2026-02-04T17:15:00Z,95.555,95.56,95.535,95.535
2026-02-04T17:20:00Z,95.555,95.575,95.555,95.555
2026-02-04T17:25:00Z,95.585,95.605,95.555,95.555
2026-02-04T17:30:00Z,95.57,95.605,95.55,95.585
2026-02-04T17:35:00Z,95.565,95.585,95.555,95.575
2026-02-04T17:40:00Z,95.545,95.58,95.545,95.565
2026-02-04T17:45:00Z,95.575,95.585,95.545,95.545
2026-02-04T17:50:00Z,95.545,95.58,95.545,95.575
2026-02-04T17:55:00Z,95.535,95.545,95.53,95.545
2026-02-04T18:00:00Z,95.535,95.545,95.53,95.535
2026-02-04T18:05:00Z,95.55,95.55,95.525,95.535
2026-02-04T18:10:00Z,95.535,95.55,95.535,95.55
2026-02-04T18:15:00Z,95.545,95.545,95.53,95.535
2026-02-04T18:20:00Z,95.525,95.545,95.525,95.545
2026-02-04T18:25:00Z,95.52,95.525,95.515,95.525
2026-02-04T18:30:00Z,95.545,95.555,95.515,95.515
2026-02-04T18:35:00Z,95.535,95.545,95.53,95.545
2026-02-04T18:40:00Z,95.55,95.55,95.535,95.535
2026-02-04T18:45:00Z,95.555,95.56,95.545,95.545
2026-02-04T18:50:00Z,95.545,95.57,95.545,95.555
2026-02-04T18:55:00Z,95.55,95.55,95.535,95.545
2026-02-04T19:00:00Z,95.515,95.55,95.515,95.545
2026-02-04T19:05:00Z,95.515,95.525,95.515,95.515
2026-02-04T19:10:00Z,95.505,95.515,95.505,95.515
2026-02-04T19:15:00Z,95.495,95.505,95.485,95.505
2026-02-04T19:20:00Z,95.495,95.495,95.49,95.495
2026-02-04T19:25:00Z,95.505,95.505,95.495,95.495
2026-02-04T19:30:00Z,95.515,95.525,95.495,95.505
2026-02-04T19:35:00Z,95.52,95.52,95.515,95.515
2026-02-04T19:40:00Z,95.505,95.52,95.505,95.515
2026-02-04T19:45:00Z,95.515,95.52,95.505,95.505
2026-02-04T19:50:00Z,95.515,95.525,95.505,95.515
2026-02-04T19:55:00Z,95.505,95.515,95.505,95.515
2026-02-04T20:00:00Z,95.495,95.505,95.49,95.505
2026-02-04T20:05:00Z,95.5,95.505,95.495,95.495
2026-02-04T20:10:00Z,95.515,95.515,95.505,95.505
2026-02-04T20:15:00Z,95.51,95.515,95.505,95.515
2026-02-04T20:20:00Z,95.5,95.515,95.495,95.505
2026-02-04T20:25:00Z,95.495,95.5,95.495,95.495
2026-02-04T20:30:00Z,95.495,95.5,95.495,95.495
2026-02-04T20:35:00Z,95.495,95.495,95.495,95.495
2026-02-04T20:40:00Z,95.495,95.495,95.495,95.495
2026-02-04T20:45:00Z,95.495,95.495,95.495,95.495
2026-02-04T20:50:00Z,95.495,95.5,95.495,95.495
2026-02-04T20:55:00Z,95.51,95.515,95.495,95.495
2026-02-05T14:30:00Z,95.805,95.835,95.795,95.81
2026-02-05T14:35:00Z,95.765,95.815,95.76,95.805
2026-02-05T14:40:00Z,95.725,95.765,95.725,95.765
2026-02-05T14:45:00Z,95.73,95.735,95.725,95.725
2026-02-05T14:50:00Z,95.755,95.755,95.705,95.725
2026-02-05T14:55:00Z,95.755,95.76,95.735,95.745
2026-02-05T15:00:00Z,95.87,95.87,95.8,95.805
2026-02-05T15:05:00Z,95.845,95.875,95.825,95.865
2026-02-05T15:10:00Z,95.905,95.905,95.845,95.845
2026-02-05T15:15:00Z,95.91,95.91,95.865,95.905
2026-02-05T15:20:00Z,95.945,95.955,95.905,95.905
2026-02-05T15:25:00Z,95.96,95.97,95.935,95.945
2026-02-05T15:30:00Z,95.99,95.995,95.955,95.955
2026-02-05T15:35:00Z,95.965,95.995,95.955,95.99
2026-02-05T15:40:00Z,95.945,95.965,95.935,95.965
2026-02-05T15:45:00Z,95.955,95.965,95.935,95.945
2026-02-05T15:50:00Z,95.955,95.965,95.94,95.955
2026-02-05T15:55:00Z,95.945,95.955,95.935,95.955
2026-02-05T16:00:00Z,95.955,95.955,95.935,95.945
2026-02-05T16:05:00Z,95.985,95.985,95.945,95.955
2026-02-05T16:10:00Z,96.01,96.015,95.975,95.985
2026-02-05T16:15:00Z,95.985,96.01,95.985,96.005
2026-02-05T16:20:00Z,95.955,95.985,95.955,95.985
2026-02-05T16:25:00Z,95.935,95.955,95.93,95.955
2026-02-05T16:30:00Z,95.93,95.935,95.925,95.925
2026-02-05T16:35:00Z,95.915,95.93,95.915,95.93
2026-02-05T16:40:00Z,95.935,95.935,95.915,95.915
2026-02-05T16:45:00Z,95.955,95.965,95.935,95.935
2026-02-05T16:50:00Z,95.945,95.955,95.945,95.955
2026-02-05T16:55:00Z,95.935,95.95,95.935,95.945
2026-02-05T17:00:00Z,95.945,95.945,95.935,95.935
2026-02-05T17:05:00Z,95.945,95.945,95.93,95.945
2026-02-05T17:10:00Z,95.955,95.955,95.94,95.945
2026-02-05T17:15:00Z,95.965,95.975,95.945,95.955
2026-02-05T17:20:00Z,95.955,95.975,95.955,95.965
2026-02-05T17:25:00Z,95.945,95.955,95.945,95.955
2026-02-05T17:30:00Z,95.945,95.945,95.935,95.945
2026-02-05T17:35:00Z,95.945,95.945,95.935,95.945
2026-02-05T17:40:00Z,95.935,95.945,95.925,95.945
2026-02-05T17:45:00Z,95.945,95.945,95.92,95.935
2026-02-05T17:50:00Z,95.945,95.955,95.935,95.945
2026-02-05T17:55:00Z,95.965,95.965,95.945,95.945
2026-02-05T18:00:00Z,95.985,95.985,95.965,95.965
2026-02-05T18:05:00Z,95.985,95.985,95.985,95.985
2026-02-05T18:10:00Z,95.975,95.985,95.975,95.985
2026-02-05T18:15:00Z,95.965,95.975,95.965,95.975
2026-02-05T18:20:00Z,95.975,95.975,95.965,95.965
2026-02-05T18:25:00Z,95.985,95.99,95.975,95.975
2026-02-05T18:30:00Z,96,96.005,95.985,95.985
2026-02-05T18:35:00Z,96.005,96.005,95.995,95.995
2026-02-05T18:40:00Z,96.005,96.015,96,96.005
2026-02-05T18:45:00Z,96,96.005,95.995,96.005
2026-02-05T18:50:00Z,96.015,96.015,96.005,96.005
2026-02-05T18:55:00Z,96.02,96.02,96.015,96.015
2026-02-05T19:00:00Z,95.98,96.015,95.98,96.015
2026-02-05T19:05:00Z,95.985,95.985,95.975,95.985
2026-02-05T19:10:00Z,95.985,95.995,95.98,95.985
2026-02-05T19:15:00Z,95.98,95.985,95.98,95.985
2026-02-05T19:20:00Z,95.995,95.995,95.975,95.985
2026-02-05T19:25:00Z,95.985,95.995,95.985,95.995
2026-02-05T19:30:00Z,96.005,96.01,95.985,95.985
2026-02-05T19:35:00Z,96.005,96.005,96.005,96.005
2026-02-05T19:40:00Z,96.015,96.015,96.005,96.005
2026-02-05T19:45:00Z,96.015,96.015,96.015,96.015
2026-02-05T19:50:00Z,96,96.015,95.995,96.015
2026-02-05T19:55:00Z,95.985,96.005,95.98,96.005
2026-02-05T20:00:00Z,95.975,95.985,95.975,95.985
2026-02-05T20:05:00Z,95.965,95.975,95.965,95.975
2026-02-05T20:10:00Z,95.985,95.985,95.965,95.965
2026-02-05T20:15:00Z,95.995,95.995,95.985,95.985
2026-02-05T20:20:00Z,96.035,96.035,95.995,95.995
2026-02-05T20:25:00Z,96.045,96.045,96.025,96.035
2026-02-05T20:30:00Z,96.055,96.055,96.04,96.045
2026-02-05T20:35:00Z,96.05,96.055,96.04,96.055
2026-02-05T20:40:00Z,96.055,96.055,96.045,96.055
2026-02-05T20:45:00Z,96.065,96.075,96.055,96.055
2026-02-05T20:50:00Z,96.085,96.09,96.06,96.065
2026-02-05T20:55:00Z,96.065,96.095,96.065,96.085
2026-02-06T14:30:00Z,96.075,96.135,96.065,96.11
2026-02-06T14:35:00Z,96.055,96.085,96.055,96.075
2026-02-06T14:40:00Z,96.035,96.065,96.025,96.055
2026-02-06T14:45:00Z,96.005,96.035,95.995,96.035
2026-02-06T14:50:00Z,95.985,96.005,95.975,96.005
2026-02-06T14:55:00Z,96.005,96.005,95.985,95.985
2026-02-06T15:00:00Z,95.975,96.005,95.96,96.005
2026-02-06T15:05:00Z,95.985,95.995,95.965,95.975
2026-02-06T15:10:00Z,95.975,95.985,95.945,95.985
2026-02-06T15:15:00Z,95.965,95.985,95.96,95.975
2026-02-06T15:20:00Z,95.975,95.975,95.935,95.965
2026-02-06T15:25:00Z,95.945,95.975,95.945,95.975
2026-02-06T15:30:00Z,95.925,95.945,95.925,95.945
2026-02-06T15:35:00Z,95.935,95.935,95.915,95.925
2026-02-06T15:40:00Z,95.955,95.955,95.935,95.935
2026-02-06T15:45:00Z,95.965,95.975,95.955,95.955
2026-02-06T15:50:00Z,95.985,95.985,95.965,95.965
2026-02-06T15:55:00Z,95.995,95.995,95.975,95.985
2026-02-06T16:00:00Z,95.98,95.995,95.97,95.995
2026-02-06T16:05:00Z,95.955,95.98,95.955,95.98
2026-02-06T16:10:00Z,95.955,95.955,95.955,95.955
2026-02-06T16:15:00Z,95.96,95.96,95.955,95.955
2026-02-06T16:20:00Z,95.975,95.975,95.945,95.955
2026-02-06T16:25:00Z,95.965,95.975,95.965,95.975
2026-02-06T16:30:00Z,95.965,95.975,95.965,95.965
2026-02-06T16:35:00Z,95.955,95.96,95.955,95.96
2026-02-06T16:40:00Z,95.955,95.955,95.95,95.955
2026-02-06T16:45:00Z,95.975,95.975,95.955,95.955
2026-02-06T16:50:00Z,95.94,95.975,95.94,95.975
2026-02-06T16:55:00Z,95.955,95.96,95.94,95.94
2026-02-06T17:00:00Z,95.955,95.96,95.955,95.955
2026-02-06T17:05:00Z,95.955,95.96,95.955,95.955
2026-02-06T17:10:00Z,95.965,95.965,95.955,95.955
2026-02-06T17:15:00Z,95.965,95.975,95.965,95.965
2026-02-06T17:20:00Z,95.96,95.965,95.955,95.965
2026-02-06T17:25:00Z,95.965,95.97,95.96,95.965
2026-02-06T17:30:00Z,95.955,95.965,95.955,95.965
2026-02-06T17:35:00Z,95.985,95.985,95.96,95.96
2026-02-06T17:40:00Z,95.975,95.985,95.975,95.985
2026-02-06T17:45:00Z,95.965,95.975,95.965,95.975
2026-02-06T17:50:00Z,95.975,95.975,95.965,95.965
2026-02-06T17:55:00Z,95.995,95.995,95.975,95.975
2026-02-06T18:00:00Z,95.975,95.995,95.975,95.995
2026-02-06T18:05:00Z,95.975,95.975,95.975,95.975
2026-02-06T18:10:00Z,95.975,95.98,95.975,95.975
2026-02-06T18:15:00Z,95.975,95.985,95.975,95.975
2026-02-06T18:20:00Z,96.005,96.005,95.975,95.975
2026-02-06T18:25:00Z,95.985,96.005,95.985,96.005
2026-02-06T18:30:00Z,96.005,96.015,95.985,95.985
2026-02-06T18:35:00Z,96.015,96.015,96.005,96.005
2026-02-06T18:40:00Z,96.015,96.015,96.015,96.015
2026-02-06T18:45:00Z,96.015,96.015,96.015,96.015
2026-02-06T18:50:00Z,96.015,96.015,96.015,96.015
2026-02-06T18:55:00Z,96.015,96.02,96.015,96.015
2026-02-06T19:00:00Z,96.015,96.025,96.015,96.015
2026-02-06T19:05:00Z,96.015,96.02,96.015,96.015
2026-02-06T19:10:00Z,96.015,96.015,96.015,96.015
2026-02-06T19:15:00Z,96.015,96.015,96.015,96.015
2026-02-06T19:20:00Z,96.015,96.02,96.015,96.015
2026-02-06T19:25:00Z,96.015,96.02,96.01,96.015
2026-02-06T19:30:00Z,96.015,96.015,96.01,96.015
2026-02-06T19:35:00Z,96.015,96.015,96.015,96.015
2026-02-06T19:40:00Z,96.015,96.02,96.015,96.015
2026-02-06T19:45:00Z,96.015,96.015,96.015,96.015
2026-02-06T19:50:00Z,96.025,96.025,96.015,96.015
2026-02-06T19:55:00Z,96.045,96.045,96.015,96.025
2026-02-06T20:00:00Z,96.035,96.045,96.035,96.045
2026-02-06T20:05:00Z,96.045,96.05,96.035,96.035
2026-02-06T20:10:00Z,96.055,96.055,96.045,96.045
2026-02-06T20:15:00Z,96.045,96.055,96.045,96.055
2026-02-06T20:20:00Z,96.035,96.045,96.035,96.045
2026-02-06T20:25:00Z,96.035,96.04,96.035,96.035
2026-02-06T20:30:00Z,96.045,96.045,96.035,96.035
2026-02-06T20:35:00Z,96.04,96.045,96.035,96.045
2026-02-06T20:40:00Z,96.04,96.045,96.035,96.035
2026-02-06T20:45:00Z,96.025,96.045,96.025,96.045
2026-02-06T20:50:00Z,96.035,96.04,96.025,96.025
2026-02-06T20:55:00Z,96.055,96.06,96.035,96.035
2026-02-09T14:30:00Z,95.965,96.01,95.965,96
2026-02-09T14:35:00Z,95.93,95.975,95.93,95.975
2026-02-09T14:40:00Z,95.945,95.955,95.935,95.935
2026-02-09T14:45:00Z,95.935,95.955,95.935,95.945
2026-02-09T14:50:00Z,95.965,95.975,95.935,95.935
2026-02-09T14:55:00Z,95.985,95.99,95.965,95.965
2026-02-09T15:00:00Z,95.985,95.995,95.985,95.985
2026-02-09T15:05:00Z,95.985,95.985,95.97,95.985
2026-02-09T15:10:00Z,95.98,95.995,95.98,95.985
2026-02-09T15:15:00Z,95.985,95.995,95.975,95.985
2026-02-09T15:20:00Z,96.005,96.005,95.985,95.985
2026-02-09T15:25:00Z,96.015,96.015,96.005,96.005
2026-02-09T15:30:00Z,95.99,96.015,95.985,96.015
2026-02-09T15:35:00Z,96.005,96.005,95.985,95.985
2026-02-09T15:40:00Z,95.995,96.005,95.985,96.005
2026-02-09T15:45:00Z,96.005,96.015,95.995,95.995
2026-02-09T15:50:00Z,96.005,96.005,95.99,96.005
2026-02-09T15:55:00Z,96.025,96.025,95.995,96.005
2026-02-09T16:00:00Z,96.035,96.055,96.025,96.025
2026-02-09T16:05:00Z,96.065,96.065,96.035,96.035
2026-02-09T16:10:00Z,96.055,96.075,96.055,96.065
2026-02-09T16:15:00Z,96.055,96.07,96.055,96.055
2026-02-09T16:20:00Z,96.045,96.055,96.045,96.055
2026-02-09T16:25:00Z,96.045,96.045,96.035,96.045
2026-02-09T16:30:00Z,96.03,96.055,96.03,96.045
2026-02-09T16:35:00Z,96.015,96.035,96.005,96.035
2026-02-09T16:40:00Z,96.015,96.025,96.01,96.015
2026-02-09T16:45:00Z,96.005,96.015,96,96.015
2026-02-09T16:50:00Z,96.015,96.015,96,96.005
2026-02-09T16:55:00Z,96.03,96.03,96.015,96.015
2026-02-09T17:00:00Z,96.045,96.045,96.025,96.025
2026-02-09T17:05:00Z,96.055,96.055,96.045,96.045
2026-02-09T17:10:00Z,96.055,96.065,96.05,96.055
2026-02-09T17:15:00Z,96.065,96.065,96.055,96.055
2026-02-09T17:20:00Z,96.075,96.075,96.065,96.065
2026-02-09T17:25:00Z,96.075,96.085,96.075,96.075
2026-02-09T17:30:00Z,96.055,96.075,96.055,96.075
2026-02-09T17:35:00Z,96.045,96.055,96.04,96.055
2026-02-09T17:40:00Z,96.055,96.055,96.045,96.045
2026-02-09T17:45:00Z,96.045,96.055,96.045,96.055
2026-02-09T17:50:00Z,96.065,96.065,96.045,96.045
2026-02-09T17:55:00Z,96.065,96.065,96.065,96.065
2026-02-09T18:00:00Z,96.055,96.065,96.055,96.065
2026-02-09T18:05:00Z,96.045,96.065,96.045,96.055
2026-02-09T18:10:00Z,96.045,96.045,96.045,96.045
2026-02-09T18:15:00Z,96.065,96.065,96.045,96.05
2026-02-09T18:20:00Z,96.075,96.085,96.065,96.065
2026-02-09T18:25:00Z,96.075,96.075,96.075,96.075
2026-02-09T18:30:00Z,96.08,96.08,96.065,96.075
2026-02-09T18:35:00Z,96.075,96.08,96.075,96.075
2026-02-09T18:40:00Z,96.08,96.08,96.075,96.075
2026-02-09T18:45:00Z,96.065,96.08,96.065,96.075
2026-02-09T18:50:00Z,96.07,96.07,96.065,96.065
2026-02-09T18:55:00Z,96.085,96.085,96.065,96.065
2026-02-09T19:00:00Z,96.075,96.085,96.075,96.085
2026-02-09T19:05:00Z,96.075,96.08,96.075,96.075
2026-02-09T19:10:00Z,96.08,96.08,96.075,96.075
2026-02-09T19:15:00Z,96.085,96.095,96.07,96.075
2026-02-09T19:20:00Z,96.095,96.095,96.085,96.085
2026-02-09T19:25:00Z,96.105,96.105,96.095,96.095
2026-02-09T19:30:00Z,96.115,96.115,96.1,96.105
2026-02-09T19:35:00Z,96.115,96.12,96.115,96.115
2026-02-09T19:40:00Z,96.105,96.125,96.105,96.115
2026-02-09T19:45:00Z,96.105,96.11,96.095,96.105
2026-02-09T19:50:00Z,96.105,96.105,96.095,96.105
2026-02-09T19:55:00Z,96.115,96.115,96.105,96.105
2026-02-09T20:00:00Z,96.115,96.115,96.105,96.115
2026-02-09T20:05:00Z,96.115,96.12,96.115,96.115
2026-02-09T20:10:00Z,96.11,96.125,96.11,96.115
2026-02-09T20:15:00Z,96.095,96.115,96.095,96.115
2026-02-09T20:20:00Z,96.095,96.095,96.095,96.095
2026-02-09T20:25:00Z,96.105,96.105,96.095,96.095
2026-02-09T20:30:00Z,96.105,96.105,96.095,96.105
2026-02-09T20:35:00Z,96.095,96.105,96.095,96.105
2026-02-09T20:40:00Z,96.1,96.1,96.095,96.095
2026-02-09T20:45:00Z,96.105,96.105,96.095,96.095
2026-02-09T20:50:00Z,96.105,96.11,96.105,96.105
2026-02-09T20:55:00Z,96.095,96.105,96.095,96.105
2026-02-10T14:30:00Z,96.435,96.435,96.405,96.41
2026-02-10T14:35:00Z,96.465,96.465,96.43,96.435
2026-02-10T14:40:00Z,96.465,96.48,96.455,96.465
2026-02-10T14:45:00Z,96.505,96.515,96.465,96.465
2026-02-10T14:50:00Z,96.48,96.515,96.48,96.505
2026-02-10T14:55:00Z,96.465,96.485,96.465,96.485
2026-02-10T15:00:00Z,96.475,96.475,96.465,96.465
2026-02-10T15:05:00Z,96.475,96.475,96.45,96.475
2026-02-10T15:10:00Z,96.465,96.48,96.465,96.475
2026-02-10T15:15:00Z,96.48,96.485,96.465,96.465
2026-02-10T15:20:00Z,96.485,96.495,96.475,96.475
2026-02-10T15:25:00Z,96.475,96.485,96.475,96.485
2026-02-10T15:30:00Z,96.455,96.475,96.455,96.475
2026-02-10T15:35:00Z,96.475,96.475,96.455,96.455
2026-02-10T15:40:00Z,96.485,96.485,96.475,96.475
2026-02-10T15:45:00Z,96.485,96.485,96.475,96.485
2026-02-10T15:50:00Z,96.495,96.495,96.485,96.485
2026-02-10T15:55:00Z,96.49,96.495,96.475,96.495
2026-02-10T16:00:00Z,96.525,96.525,96.49,96.49
2026-02-10T16:05:00Z,96.525,96.535,96.525,96.525
2026-02-10T16:10:00Z,96.535,96.535,96.525,96.525
2026-02-10T16:15:00Z,96.52,96.545,96.515,96.535
2026-02-10T16:20:00Z,96.525,96.525,96.51,96.515
2026-02-10T16:25:00Z,96.53,96.53,96.515,96.525
2026-02-10T16:30:00Z,96.515,96.535,96.505,96.525
2026-02-10T16:35:00Z,96.52,96.53,96.515,96.515
2026-02-10T16:40:00Z,96.505,96.535,96.505,96.525
2026-02-10T16:45:00Z,96.495,96.505,96.485,96.505
2026-02-10T16:50:00Z,96.46,96.495,96.455,96.495
2026-02-10T16:55:00Z,96.465,96.465,96.455,96.455
2026-02-10T17:00:00Z,96.465,96.47,96.455,96.465
2026-02-10T17:05:00Z,96.445,96.465,96.435,96.465
2026-02-10T17:10:00Z,96.465,96.475,96.445,96.445
2026-02-10T17:15:00Z,96.475,96.475,96.465,96.465
2026-02-10T17:20:00Z,96.475,96.485,96.465,96.475
2026-02-10T17:25:00Z,96.485,96.485,96.475,96.475
2026-02-10T17:30:00Z,96.475,96.485,96.475,96.485
2026-02-10T17:35:00Z,96.465,96.475,96.46,96.475
2026-02-10T17:40:00Z,96.465,96.475,96.465,96.465
2026-02-10T17:45:00Z,96.455,96.465,96.455,96.465
2026-02-10T17:50:00Z,96.445,96.455,96.445,96.455
2026-02-10T17:55:00Z,96.455,96.455,96.445,96.445
2026-02-10T18:00:00Z,96.445,96.455,96.44,96.455
2026-02-10T18:05:00Z,96.435,96.445,96.435,96.445
2026-02-10T18:10:00Z,96.445,96.445,96.425,96.435
2026-02-10T18:15:00Z,96.435,96.445,96.435,96.445
2026-02-10T18:20:00Z,96.435,96.445,96.435,96.435
2026-02-10T18:25:00Z,96.425,96.435,96.425,96.435
2026-02-10T18:30:00Z,96.425,96.425,96.415,96.425
2026-02-10T18:35:00Z,96.425,96.425,96.415,96.425
2026-02-10T18:40:00Z,96.42,96.43,96.42,96.425
2026-02-10T18:45:00Z,96.425,96.425,96.415,96.425
2026-02-10T18:50:00Z,96.425,96.425,96.425,96.425
2026-02-10T18:55:00Z,96.435,96.435,96.425,96.425
2026-02-10T19:00:00Z,96.425,96.435,96.425,96.435
2026-02-10T19:05:00Z,96.415,96.425,96.415,96.425
2026-02-10T19:10:00Z,96.425,96.425,96.415,96.415
2026-02-10T19:15:00Z,96.425,96.425,96.42,96.425
2026-02-10T19:20:00Z,96.445,96.445,96.425,96.425
2026-02-10T19:25:00Z,96.45,96.455,96.445,96.445
2026-02-10T19:30:00Z,96.455,96.455,96.445,96.445
2026-02-10T19:35:00Z,96.445,96.455,96.435,96.455
2026-02-10T19:40:00Z,96.455,96.455,96.445,96.445
2026-02-10T19:45:00Z,96.455,96.465,96.455,96.455
2026-02-10T19:50:00Z,96.44,96.455,96.44,96.455
2026-02-10T19:55:00Z,96.465,96.465,96.445,96.445
2026-02-10T20:00:00Z,96.49,96.49,96.465,96.465
2026-02-10T20:05:00Z,96.485,96.495,96.485,96.49
2026-02-10T20:10:00Z,96.485,96.49,96.485,96.485
2026-02-10T20:15:00Z,96.485,96.49,96.485,96.485
2026-02-10T20:20:00Z,96.48,96.485,96.475,96.485
2026-02-10T20:25:00Z,96.475,96.49,96.475,96.475
2026-02-10T20:30:00Z,96.485,96.49,96.475,96.475
2026-02-10T20:35:00Z,96.49,96.49,96.485,96.485
2026-02-10T20:40:00Z,96.485,96.49,96.485,96.49
2026-02-10T20:45:00Z,96.485,96.485,96.485,96.485
2026-02-10T20:50:00Z,96.485,96.485,96.48,96.485
2026-02-10T20:55:00Z,96.505,96.51,96.485,96.485
2026-02-11T14:30:00Z,96.215,96.235,96.175,96.18
2026-02-11T14:35:00Z,96.215,96.23,96.215,96.215
2026-02-11T14:40:00Z,96.195,96.215,96.195,96.205
2026-02-11T14:45:00Z,96.17,96.195,96.155,96.195
2026-02-11T14:50:00Z,96.175,96.185,96.155,96.175
2026-02-11T14:55:00Z,96.195,96.195,96.175,96.175
2026-02-11T15:00:00Z,96.225,96.225,96.185,96.195
2026-02-11T15:05:00Z,96.255,96.255,96.215,96.225
2026-02-11T15:10:00Z,96.265,96.29,96.255,96.255
2026-02-11T15:15:00Z,96.285,96.285,96.265,96.265
2026-02-11T15:20:00Z,96.275,96.305,96.275,96.285
2026-02-11T15:25:00Z,96.32,96.325,96.265,96.275
2026-02-11T15:30:00Z,96.295,96.325,96.285,96.32
2026-02-11T15:35:00Z,96.265,96.295,96.255,96.295
2026-02-11T15:40:00Z,96.275,96.275,96.255,96.265
2026-02-11T15:45:00Z,96.275,96.275,96.265,96.275
2026-02-11T15:50:00Z,96.235,96.275,96.235,96.275
2026-02-11T15:55:00Z,96.245,96.25,96.235,96.235
2026-02-11T16:00:00Z,96.255,96.26,96.235,96.245
2026-02-11T16:05:00Z,96.265,96.285,96.255,96.26
2026-02-11T16:10:00Z,96.265,96.265,96.255,96.265
2026-02-11T16:15:00Z,96.275,96.28,96.255,96.265
2026-02-11T16:20:00Z,96.28,96.28,96.265,96.275
2026-02-11T16:25:00Z,96.325,96.325,96.275,96.275
2026-02-11T16:30:00Z,96.345,96.345,96.315,96.325
2026-02-11T16:35:00Z,96.34,96.35,96.335,96.345
2026-02-11T16:40:00Z,96.355,96.36,96.335,96.335
2026-02-11T16:45:00Z,96.365,96.365,96.355,96.355
2026-02-11T16:50:00Z,96.385,96.39,96.365,96.365
2026-02-11T16:55:00Z,96.405,96.405,96.38,96.385
2026-02-11T17:00:00Z,96.425,96.425,96.405,96.405
2026-02-11T17:05:00Z,96.405,96.425,96.405,96.425
2026-02-11T17:10:00Z,96.415,96.415,96.395,96.405
2026-02-11T17:15:00Z,96.425,96.43,96.415,96.415
2026-02-11T17:20:00Z,96.405,96.445,96.405,96.425
2026-02-11T17:25:00Z,96.395,96.415,96.395,96.405
2026-02-11T17:30:00Z,96.365,96.395,96.365,96.395
2026-02-11T17:35:00Z,96.385,96.39,96.365,96.365
2026-02-11T17:40:00Z,96.4,96.405,96.385,96.385
2026-02-11T17:45:00Z,96.41,96.41,96.405,96.405
2026-02-11T17:50:00Z,96.395,96.415,96.395,96.405
2026-02-11T17:55:00Z,96.395,96.395,96.395,96.395
2026-02-11T18:00:00Z,96.325,96.405,96.29,96.395
2026-02-11T18:05:00Z,96.305,96.325,96.285,96.325
2026-02-11T18:10:00Z,96.275,96.305,96.275,96.305
2026-02-11T18:15:00Z,96.285,96.295,96.275,96.275
2026-02-11T18:20:00Z,96.265,96.285,96.265,96.285
2026-02-11T18:25:00Z,96.265,96.275,96.265,96.265
2026-02-11T18:30:00Z,96.3,96.305,96.265,96.265
2026-02-11T18:35:00Z,96.315,96.315,96.295,96.295
2026-02-11T18:40:00Z,96.295,96.325,96.295,96.315
2026-02-11T18:45:00Z,96.275,96.295,96.275,96.295
2026-02-11T18:50:00Z,96.275,96.285,96.27,96.28
2026-02-11T18:55:00Z,96.255,96.275,96.255,96.275
2026-02-11T19:00:00Z,96.265,96.265,96.25,96.255
2026-02-11T19:05:00Z,96.265,96.265,96.255,96.265
2026-02-11T19:10:00Z,96.275,96.275,96.265,96.265
2026-02-11T19:15:00Z,96.285,96.285,96.27,96.275
2026-02-11T19:20:00Z,96.285,96.295,96.285,96.285
2026-02-11T19:25:00Z,96.275,96.285,96.275,96.285
2026-02-11T19:30:00Z,96.265,96.28,96.255,96.28
2026-02-11T19:35:00Z,96.275,96.28,96.265,96.265
2026-02-11T19:40:00Z,96.265,96.275,96.265,96.275
2026-02-11T19:45:00Z,96.275,96.275,96.265,96.265
2026-02-11T19:50:00Z,96.265,96.275,96.265,96.275
2026-02-11T19:55:00Z,96.275,96.29,96.265,96.265
2026-02-11T20:00:00Z,96.255,96.285,96.255,96.275
2026-02-11T20:05:00Z,96.255,96.265,96.25,96.255
2026-02-11T20:10:00Z,96.245,96.255,96.245,96.255
2026-02-11T20:15:00Z,96.245,96.245,96.235,96.245
2026-02-11T20:20:00Z,96.245,96.245,96.245,96.245
2026-02-11T20:25:00Z,96.26,96.26,96.245,96.245
2026-02-11T20:30:00Z,96.255,96.26,96.255,96.255
2026-02-11T20:35:00Z,96.26,96.26,96.255,96.255
2026-02-11T20:40:00Z,96.255,96.255,96.255,96.255
2026-02-11T20:45:00Z,96.245,96.255,96.245,96.255
2026-02-11T20:50:00Z,96.245,96.245,96.245,96.245
2026-02-11T20:55:00Z,96.25,96.27,96.24,96.245
2026-02-12T14:30:00Z,96.395,96.415,96.385,96.39
2026-02-12T14:35:00Z,96.435,96.435,96.385,96.395
2026-02-12T14:40:00Z,96.425,96.435,96.405,96.435
2026-02-12T14:45:00Z,96.455,96.455,96.425,96.425
2026-02-12T14:50:00Z,96.45,96.465,96.445,96.455
2026-02-12T14:55:00Z,96.485,96.485,96.445,96.445
2026-02-12T15:00:00Z,96.49,96.5,96.485,96.485
2026-02-12T15:05:00Z,96.495,96.495,96.485,96.49
2026-02-12T15:10:00Z,96.5,96.515,96.495,96.495
2026-02-12T15:15:00Z,96.515,96.515,96.495,96.5
2026-02-12T15:20:00Z,96.525,96.525,96.515,96.515
2026-02-12T15:25:00Z,96.525,96.535,96.51,96.525
2026-02-12T15:30:00Z,96.545,96.565,96.525,96.525
2026-02-12T15:35:00Z,96.555,96.555,96.535,96.545
2026-02-12T15:40:00Z,96.545,96.57,96.545,96.555
2026-02-12T15:45:00Z,96.55,96.555,96.535,96.545
2026-02-12T15:50:00Z,96.555,96.555,96.535,96.545
2026-02-12T15:55:00Z,96.565,96.565,96.55,96.555
2026-02-12T16:00:00Z,96.595,96.605,96.56,96.565
2026-02-12T16:05:00Z,96.625,96.625,96.595,96.595
2026-02-12T16:10:00Z,96.61,96.635,96.605,96.625
2026-02-12T16:15:00Z,96.665,96.665,96.615,96.615
2026-02-12T16:20:00Z,96.705,96.715,96.665,96.665
2026-02-12T16:25:00Z,96.715,96.715,96.695,96.705
2026-02-12T16:30:00Z,96.675,96.715,96.665,96.715
2026-02-12T16:35:00Z,96.665,96.675,96.645,96.675
2026-02-12T16:40:00Z,96.655,96.675,96.645,96.665
2026-02-12T16:45:00Z,96.665,96.675,96.655,96.655
2026-02-12T16:50:00Z,96.675,96.685,96.65,96.665
2026-02-12T16:55:00Z,96.665,96.675,96.665,96.675
2026-02-12T17:00:00Z,96.675,96.695,96.665,96.665
2026-02-12T17:05:00Z,96.655,96.685,96.655,96.675
2026-02-12T17:10:00Z,96.685,96.685,96.655,96.655
2026-02-12T17:15:00Z,96.695,96.695,96.685,96.685
2026-02-12T17:20:00Z,96.675,96.695,96.66,96.695
2026-02-12T17:25:00Z,96.675,96.675,96.66,96.675
2026-02-12T17:30:00Z,96.655,96.675,96.645,96.675
2026-02-12T17:35:00Z,96.665,96.665,96.645,96.655
2026-02-12T17:40:00Z,96.665,96.675,96.665,96.665
2026-02-12T17:45:00Z,96.665,96.675,96.66,96.665
2026-02-12T17:50:00Z,96.685,96.685,96.665,96.665
2026-02-12T17:55:00Z,96.675,96.685,96.665,96.685
2026-02-12T18:00:00Z,96.765,96.78,96.67,96.675
2026-02-12T18:05:00Z,96.775,96.79,96.755,96.765
2026-02-12T18:10:00Z,96.795,96.795,96.765,96.77
2026-02-12T18:15:00Z,96.825,96.825,96.79,96.795
2026-02-12T18:20:00Z,96.815,96.835,96.815,96.825
2026-02-12T18:25:00Z,96.835,96.845,96.805,96.815
2026-02-12T18:30:00Z,96.795,96.835,96.795,96.835
2026-02-12T18:35:00Z,96.785,96.805,96.785,96.795
2026-02-12T18:40:00Z,96.785,96.8,96.775,96.785
2026-02-12T18:45:00Z,96.805,96.805,96.78,96.785
2026-02-12T18:50:00Z,96.795,96.815,96.785,96.805
2026-02-12T18:55:00Z,96.805,96.81,96.795,96.795
2026-02-12T19:00:00Z,96.825,96.825,96.805,96.805
2026-02-12T19:05:00Z,96.835,96.835,96.81,96.825
2026-02-12T19:10:00Z,96.825,96.835,96.825,96.835
2026-02-12T19:15:00Z,96.825,96.835,96.81,96.825
2026-02-12T19:20:00Z,96.805,96.825,96.805,96.825
2026-02-12T19:25:00Z,96.805,96.815,96.8,96.805
2026-02-12T19:30:00Z,96.805,96.81,96.795,96.805
2026-02-12T19:35:00Z,96.785,96.805,96.785,96.805
2026-02-12T19:40:00Z,96.785,96.795,96.785,96.785
2026-02-12T19:45:00Z,96.775,96.795,96.775,96.785
2026-02-12T19:50:00Z,96.805,96.805,96.775,96.775
2026-02-12T19:55:00Z,96.805,96.805,96.8,96.805
2026-02-12T20:00:00Z,96.8,96.805,96.79,96.805
2026-02-12T20:05:00Z,96.795,96.795,96.785,96.795
2026-02-12T20:10:00Z,96.785,96.795,96.785,96.795
2026-02-12T20:15:00Z,96.79,96.79,96.78,96.785
2026-02-12T20:20:00Z,96.795,96.795,96.79,96.79
2026-02-12T20:25:00Z,96.81,96.81,96.795,96.795
2026-02-12T20:30:00Z,96.805,96.815,96.805,96.805
2026-02-12T20:35:00Z,96.805,96.805,96.8,96.805
2026-02-12T20:40:00Z,96.815,96.815,96.795,96.805
2026-02-12T20:45:00Z,96.815,96.815,96.815,96.815
2026-02-12T20:50:00Z,96.84,96.845,96.815,96.815
2026-02-12T20:55:00Z,96.835,96.845,96.825,96.835
2026-02-13T14:30:00Z,97.125,97.13,97.095,97.13
2026-02-13T14:35:00Z,97.175,97.175,97.115,97.135
2026-02-13T14:40:00Z,97.165,97.235,97.165,97.175
2026-02-13T14:45:00Z,97.115,97.165,97.085,97.165
2026-02-13T14:50:00Z,97.135,97.16,97.115,97.115
2026-02-13T14:55:00Z,97.175,97.175,97.115,97.135
2026-02-13T15:00:00Z,97.165,97.175,97.125,97.175
2026-02-13T15:05:00Z,97.135,97.185,97.135,97.165
2026-02-13T15:10:00Z,97.135,97.145,97.105,97.135
2026-02-13T15:15:00Z,97.145,97.155,97.125,97.135
2026-02-13T15:20:00Z,97.145,97.165,97.125,97.145
2026-02-13T15:25:00Z,97.125,97.145,97.115,97.145
2026-02-13T15:30:00Z,97.105,97.125,97.105,97.125
2026-02-13T15:35:00Z,97.145,97.155,97.105,97.105
2026-02-13T15:40:00Z,97.155,97.165,97.125,97.145
2026-02-13T15:45:00Z,97.165,97.175,97.145,97.155
2026-02-13T15:50:00Z,97.135,97.165,97.125,97.165
2026-02-13T15:55:00Z,97.145,97.15,97.125,97.135
2026-02-13T16:00:00Z,97.145,97.155,97.135,97.145
2026-02-13T16:05:00Z,97.155,97.16,97.145,97.145
2026-02-13T16:10:00Z,97.195,97.2,97.155,97.155
2026-02-13T16:15:00Z,97.155,97.195,97.145,97.195
2026-02-13T16:20:00Z,97.195,97.215,97.155,97.155
2026-02-13T16:25:00Z,97.195,97.205,97.185,97.195
2026-02-13T16:30:00Z,97.185,97.235,97.185,97.195
2026-02-13T16:35:00Z,97.205,97.21,97.185,97.185
2026-02-13T16:40:00Z,97.235,97.245,97.205,97.205
2026-02-13T16:45:00Z,97.255,97.255,97.225,97.235
2026-02-13T16:50:00Z,97.235,97.255,97.225,97.255
2026-02-13T16:55:00Z,97.225,97.235,97.215,97.235
2026-02-13T17:00:00Z,97.215,97.225,97.195,97.225
2026-02-13T17:05:00Z,97.195,97.215,97.195,97.215
2026-02-13T17:10:00Z,97.195,97.215,97.195,97.195
2026-02-13T17:15:00Z,97.205,97.215,97.195,97.195
2026-02-13T17:20:00Z,97.195,97.205,97.185,97.205
2026-02-13T17:25:00Z,97.185,97.205,97.185,97.195
2026-02-13T17:30:00Z,97.175,97.195,97.155,97.185
2026-02-13T17:35:00Z,97.155,97.175,97.155,97.175
2026-02-13T17:40:00Z,97.155,97.155,97.145,97.155
2026-02-13T17:45:00Z,97.165,97.175,97.155,97.155
2026-02-13T17:50:00Z,97.135,97.165,97.135,97.165
2026-02-13T17:55:00Z,97.145,97.155,97.13,97.135
2026-02-13T18:00:00Z,97.155,97.155,97.135,97.145
2026-02-13T18:05:00Z,97.16,97.175,97.155,97.155
2026-02-13T18:10:00Z,97.145,97.155,97.145,97.155
2026-02-13T18:15:00Z,97.145,97.15,97.145,97.145
2026-02-13T18:20:00Z,97.135,97.145,97.135,97.145
2026-02-13T18:25:00Z,97.145,97.145,97.135,97.135
2026-02-13T18:30:00Z,97.135,97.145,97.135,97.145
2026-02-13T18:35:00Z,97.135,97.135,97.135,97.135
2026-02-13T18:40:00Z,97.125,97.135,97.125,97.135
2026-02-13T18:45:00Z,97.125,97.125,97.125,97.125
2026-02-13T18:50:00Z,97.125,97.125,97.115,97.125
2026-02-13T18:55:00Z,97.135,97.135,97.125,97.125
2026-02-13T19:00:00Z,97.145,97.145,97.125,97.135
2026-02-13T19:05:00Z,97.155,97.155,97.14,97.145
2026-02-13T19:10:00Z,97.155,97.155,97.145,97.155
2026-02-13T19:15:00Z,97.15,97.155,97.145,97.155
2026-02-13T19:20:00Z,97.175,97.185,97.155,97.155
2026-02-13T19:25:00Z,97.19,97.195,97.175,97.175
2026-02-13T19:30:00Z,97.195,97.195,97.185,97.195
2026-02-13T19:35:00Z,97.195,97.195,97.185,97.195
2026-02-13T19:40:00Z,97.185,97.195,97.175,97.195
2026-02-13T19:45:00Z,97.19,97.19,97.185,97.185
2026-02-13T19:50:00Z,97.205,97.205,97.185,97.185
2026-02-13T19:55:00Z,97.205,97.215,97.205,97.205
2026-02-13T20:00:00Z,97.19,97.205,97.165,97.205
2026-02-13T20:05:00Z,97.19,97.195,97.185,97.185
2026-02-13T20:10:00Z,97.205,97.205,97.19,97.195
2026-02-13T20:15:00Z,97.205,97.21,97.195,97.205
2026-02-13T20:20:00Z,97.21,97.21,97.205,97.205
2026-02-13T20:25:00Z,97.24,97.245,97.2,97.205
2026-02-13T20:30:00Z,97.235,97.245,97.225,97.245
2026-02-13T20:35:00Z,97.235,97.235,97.225,97.235
2026-02-13T20:40:00Z,97.235,97.24,97.225,97.235
2026-02-13T20:45:00Z,97.225,97.24,97.225,97.235
2026-02-13T20:50:00Z,97.215,97.225,97.215,97.225
2026-02-13T20:55:00Z,97.225,97.225,97.205,97.215
2026-02-16T14:30:00Z,97.225,97.225,97.225,97.225
2026-02-16T14:35:00Z,97.225,97.225,97.225,97.225
2026-02-16T14:40:00Z,97.225,97.225,97.225,97.225
2026-02-16T14:45:00Z,97.225,97.225,97.225,97.225
2026-02-16T14:50:00Z,97.225,97.225,97.225,97.225
2026-02-16T14:55:00Z,97.225,97.225,97.225,97.225
2026-02-16T15:00:00Z,97.225,97.225,97.225,97.225
2026-02-16T15:05:00Z,97.225,97.225,97.225,97.225
2026-02-16T15:10:00Z,97.225,97.225,97.225,97.225
2026-02-16T15:15:00Z,97.225,97.225,97.225,97.225
2026-02-16T15:20:00Z,97.225,97.225,97.225,97.225
2026-02-16T15:25:00Z,97.225,97.225,97.225,97.225
2026-02-16T15:30:00Z,97.225,97.225,97.225,97.225
2026-02-16T15:35:00Z,97.225,97.225,97.225,97.225
2026-02-16T15:40:00Z,97.225,97.225,97.225,97.225
2026-02-16T15:45:00Z,97.225,97.225,97.225,97.225
2026-02-16T15:50:00Z,97.225,97.225,97.225,97.225
2026-02-16T15:55:00Z,97.225,97.225,97.225,97.225
2026-02-16T16:00:00Z,97.225,97.225,97.225,97.225
2026-02-16T16:05:00Z,97.225,97.225,97.225,97.225
2026-02-16T16:10:00Z,97.225,97.225,97.225,97.225
2026-02-16T16:15:00Z,97.225,97.225,97.225,97.225
2026-02-16T16:20:00Z,97.225,97.225,97.225,97.225
2026-02-16T16:25:00Z,97.225,97.225,97.225,97.225
2026-02-16T16:30:00Z,97.225,97.225,97.225,97.225
2026-02-16T16:35:00Z,97.225,97.225,97.225,97.225
2026-02-16T16:40:00Z,97.225,97.225,97.225,97.225
2026-02-16T16:45:00Z,97.225,97.225,97.225,97.225
2026-02-16T16:50:00Z,97.225,97.225,97.225,97.225
2026-02-16T16:55:00Z,97.225,97.225,97.225,97.225
2026-02-16T17:00:00Z,97.225,97.225,97.225,97.225
2026-02-16T17:05:00Z,97.225,97.225,97.225,97.225
2026-02-16T17:10:00Z,97.225,97.225,97.225,97.225
2026-02-16T17:15:00Z,97.225,97.225,97.225,97.225
2026-02-16T17:20:00Z,97.225,97.225,97.225,97.225
2026-02-16T17:25:00Z,97.225,97.225,97.225,97.225
2026-02-16T17:30:00Z,97.225,97.225,97.225,97.225
2026-02-16T17:35:00Z,97.225,97.225,97.225,97.225
2026-02-16T17:40:00Z,97.225,97.225,97.225,97.225
2026-02-16T17:45:00Z,97.225,97.225,97.225,97.225
2026-02-16T17:50:00Z,97.225,97.225,97.225,97.225
2026-02-16T17:55:00Z,97.225,97.225,97.225,97.225
2026-02-16T18:00:00Z,97.225,97.225,97.225,97.225
2026-02-16T18:05:00Z,97.225,97.225,97.225,97.225
2026-02-16T18:10:00Z,97.225,97.225,97.225,97.225
2026-02-16T18:15:00Z,97.225,97.225,97.225,97.225
2026-02-16T18:20:00Z,97.225,97.225,97.225,97.225
2026-02-16T18:25:00Z,97.225,97.225,97.225,97.225
2026-02-16T18:30:00Z,97.225,97.225,97.225,97.225
2026-02-16T18:35:00Z,97.225,97.225,97.225,97.225
2026-02-16T18:40:00Z,97.225,97.225,97.225,97.225
2026-02-16T18:45:00Z,97.225,97.225,97.225,97.225
2026-02-16T18:50:00Z,97.225,97.225,97.225,97.225
2026-02-16T18:55:00Z,97.225,97.225,97.225,97.225
2026-02-16T19:00:00Z,97.225,97.225,97.225,97.225
2026-02-16T19:05:00Z,97.225,97.225,97.225,97.225
2026-02-16T19:10:00Z,97.225,97.225,97.225,97.225
2026-02-16T19:15:00Z,97.225,97.225,97.225,97.225
2026-02-16T19:20:00Z,97.225,97.225,97.225,97.225
2026-02-16T19:25:00Z,97.225,97.225,97.225,97.225
2026-02-16T19:30:00Z,97.225,97.225,97.225,97.225
2026-02-16T19:35:00Z,97.225,97.225,97.225,97.225
2026-02-16T19:40:00Z,97.225,97.225,97.225,97.225
2026-02-16T19:45:00Z,97.225,97.225,97.225,97.225
2026-02-16T19:50:00Z,97.225,97.225,97.225,97.225
2026-02-16T19:55:00Z,97.225,97.225,97.225,97.225
2026-02-16T20:00:00Z,97.225,97.225,97.225,97.225
2026-02-16T20:05:00Z,97.225,97.225,97.225,97.225
2026-02-16T20:10:00Z,97.225,97.225,97.225,97.225
2026-02-16T20:15:00Z,97.225,97.225,97.225,97.225
2026-02-16T20:20:00Z,97.225,97.225,97.225,97.225
2026-02-16T20:25:00Z,97.225,97.225,97.225,97.225
2026-02-16T20:30:00Z,97.225,97.225,97.225,97.225
2026-02-16T20:35:00Z,97.225,97.225,97.225,97.225
2026-02-16T20:40:00Z,97.225,97.225,97.225,97.225
2026-02-16T20:45:00Z,97.225,97.225,97.225,97.225
2026-02-16T20:50:00Z,97.225,97.225,97.225,97.225
2026-02-16T20:55:00Z,97.225,97.225,97.225,97.225
2026-02-17T14:30:00Z,97.195,97.255,97.195,97.25
2026-02-17T14:35:00Z,97.185,97.215,97.175,97.195
2026-02-17T14:40:00Z,97.235,97.235,97.185,97.185
2026-02-17T14:45:00Z,97.225,97.245,97.205,97.235
2026-02-17T14:50:00Z,97.255,97.265,97.215,97.225
2026-02-17T14:55:00Z,97.28,97.28,97.255,97.255
2026-02-17T15:00:00Z,97.245,97.285,97.24,97.28
2026-02-17T15:05:00Z,97.265,97.285,97.235,97.245
2026-02-17T15:10:00Z,97.28,97.29,97.255,97.265
2026-02-17T15:15:00Z,97.225,97.29,97.22,97.285
2026-02-17T15:20:00Z,97.255,97.255,97.225,97.225
2026-02-17T15:25:00Z,97.245,97.265,97.245,97.255
2026-02-17T15:30:00Z,97.275,97.285,97.245,97.245
2026-02-17T15:35:00Z,97.295,97.295,97.265,97.275
2026-02-17T15:40:00Z,97.275,97.31,97.275,97.295
2026-02-17T15:45:00Z,97.255,97.275,97.235,97.275
2026-02-17T15:50:00Z,97.265,97.275,97.25,97.255
2026-02-17T15:55:00Z,97.265,97.275,97.255,97.265
2026-02-17T16:00:00Z,97.245,97.255,97.235,97.255
2026-02-17T16:05:00Z,97.225,97.245,97.225,97.245
2026-02-17T16:10:00Z,97.195,97.235,97.19,97.225
2026-02-17T16:15:00Z,97.185,97.195,97.185,97.195
2026-02-17T16:20:00Z,97.19,97.195,97.185,97.185
2026-02-17T16:25:00Z,97.21,97.21,97.185,97.185
2026-02-17T16:30:00Z,97.195,97.215,97.195,97.205
2026-02-17T16:35:00Z,97.215,97.215,97.195,97.195
2026-02-17T16:40:00Z,97.225,97.225,97.205,97.215
2026-02-17T16:45:00Z,97.215,97.225,97.215,97.225
2026-02-17T16:50:00Z,97.195,97.215,97.195,97.215
2026-02-17T16:55:00Z,97.195,97.205,97.185,97.195
2026-02-17T17:00:00Z,97.2,97.205,97.195,97.195
2026-02-17T17:05:00Z,97.215,97.215,97.195,97.195
2026-02-17T17:10:00Z,97.215,97.225,97.215,97.215
2026-02-17T17:15:00Z,97.215,97.22,97.21,97.215
2026-02-17T17:20:00Z,97.225,97.24,97.215,97.215
2026-02-17T17:25:00Z,97.215,97.225,97.21,97.225
2026-02-17T17:30:00Z,97.21,97.235,97.205,97.215
2026-02-17T17:35:00Z,97.205,97.21,97.205,97.21
2026-02-17T17:40:00Z,97.215,97.215,97.2,97.205
2026-02-17T17:45:00Z,97.195,97.22,97.195,97.215
2026-02-17T17:50:00Z,97.205,97.205,97.195,97.195
2026-02-17T17:55:00Z,97.19,97.22,97.185,97.205
2026-02-17T18:00:00Z,97.18,97.19,97.175,97.185
2026-02-17T18:05:00Z,97.185,97.195,97.175,97.185
2026-02-17T18:10:00Z,97.175,97.185,97.165,97.185
2026-02-17T18:15:00Z,97.185,97.185,97.175,97.175
2026-02-17T18:20:00Z,97.16,97.185,97.155,97.185
2026-02-17T18:25:00Z,97.165,97.165,97.155,97.165
2026-02-17T18:30:00Z,97.165,97.165,97.165,97.165
2026-02-17T18:35:00Z,97.165,97.175,97.165,97.165
2026-02-17T18:40:00Z,97.175,97.175,97.155,97.165
2026-02-17T18:45:00Z,97.175,97.175,97.17,97.175
2026-02-17T18:50:00Z,97.165,97.19,97.165,97.175
2026-02-17T18:55:00Z,97.18,97.18,97.165,97.165
2026-02-17T19:00:00Z,97.175,97.175,97.175,97.175
2026-02-17T19:05:00Z,97.195,97.195,97.175,97.175
2026-02-17T19:10:00Z,97.185,97.195,97.185,97.195
2026-02-17T19:15:00Z,97.175,97.19,97.175,97.185
2026-02-17T19:20:00Z,97.175,97.19,97.175,97.175
2026-02-17T19:25:00Z,97.175,97.18,97.175,97.175
2026-02-17T19:30:00Z,97.17,97.175,97.165,97.175
2026-02-17T19:35:00Z,97.175,97.175,97.165,97.165
2026-02-17T19:40:00Z,97.175,97.175,97.175,97.175
2026-02-17T19:45:00Z,97.185,97.185,97.175,97.175
2026-02-17T19:50:00Z,97.195,97.195,97.185,97.185
2026-02-17T19:55:00Z,97.205,97.205,97.195,97.195
2026-02-17T20:00:00Z,97.205,97.205,97.185,97.205
2026-02-17T20:05:00Z,97.195,97.205,97.185,97.205
2026-02-17T20:10:00Z,97.2,97.2,97.195,97.195
2026-02-17T20:15:00Z,97.2,97.2,97.195,97.195
2026-02-17T20:20:00Z,97.195,97.2,97.195,97.195
2026-02-17T20:25:00Z,97.2,97.2,97.195,97.2
2026-02-17T20:30:00Z,97.215,97.225,97.195,97.195
2026-02-17T20:35:00Z,97.205,97.215,97.205,97.215
2026-02-17T20:40:00Z,97.21,97.215,97.205,97.205
2026-02-17T20:45:00Z,97.2,97.21,97.2,97.205
2026-02-17T20:50:00Z,97.195,97.2,97.195,97.2
2026-02-17T20:55:00Z,97.19,97.205,97.185,97.195
2026-02-18T14:30:00Z,97.045,97.05,97.035,97.035
2026-02-18T14:35:00Z,97.025,97.055,97.025,97.045
2026-02-18T14:40:00Z,97.025,97.025,97,97.025
2026-02-18T14:45:00Z,97.045,97.045,97.025,97.025
2026-02-18T14:50:00Z,97.03,97.055,97.03,97.045
2026-02-18T14:55:00Z,97.015,97.035,97.01,97.035
2026-02-18T15:00:00Z,97.005,97.025,97.005,97.015
2026-02-18T15:05:00Z,97.015,97.015,96.995,97.005
2026-02-18T15:10:00Z,97.005,97.025,97,97.015
2026-02-18T15:15:00Z,97.025,97.025,97.005,97.005
2026-02-18T15:20:00Z,97.015,97.025,97.015,97.025
2026-02-18T15:25:00Z,97.005,97.015,97.005,97.015
2026-02-18T15:30:00Z,97.015,97.025,97.005,97.005
2026-02-18T15:35:00Z,97.025,97.025,97.015,97.015
2026-02-18T15:40:00Z,97.02,97.025,97.02,97.025
2026-02-18T15:45:00Z,97.025,97.025,97.015,97.025
2026-02-18T15:50:00Z,97.025,97.045,97.025,97.025
2026-02-18T15:55:00Z,97.045,97.045,97.015,97.025
2026-02-18T16:00:00Z,97.045,97.05,97.04,97.045
2026-02-18T16:05:00Z,97.06,97.06,97.045,97.045
2026-02-18T16:10:00Z,97.055,97.065,97.05,97.055
2026-02-18T16:15:00Z,97.035,97.055,97.035,97.055
2026-02-18T16:20:00Z,97.05,97.05,97.035,97.035
2026-02-18T16:25:00Z,97.055,97.065,97.045,97.045
2026-02-18T16:30:00Z,97.045,97.055,97.045,97.055
2026-02-18T16:35:00Z,97.045,97.055,97.045,97.045
2026-02-18T16:40:00Z,97.055,97.055,97.045,97.045
2026-02-18T16:45:00Z,97.055,97.065,97.055,97.055
2026-02-18T16:50:00Z,97.065,97.065,97.055,97.055
2026-02-18T16:55:00Z,97.065,97.075,97.065,97.065
2026-02-18T17:00:00Z,97.075,97.075,97.065,97.065
2026-02-18T17:05:00Z,97.075,97.08,97.075,97.075
2026-02-18T17:10:00Z,97.075,97.085,97.075,97.075
2026-02-18T17:15:00Z,97.065,97.075,97.065,97.075
2026-02-18T17:20:00Z,97.075,97.085,97.065,97.065
2026-02-18T17:25:00Z,97.075,97.085,97.075,97.075
2026-02-18T17:30:00Z,97.06,97.075,97.06,97.075
2026-02-18T17:35:00Z,97.055,97.065,97.055,97.065
2026-02-18T17:40:00Z,97.045,97.065,97.045,97.055
2026-02-18T17:45:00Z,97.055,97.055,97.045,97.045
2026-02-18T17:50:00Z,97.05,97.055,97.045,97.055
2026-02-18T17:55:00Z,97.05,97.055,97.045,97.055
2026-02-18T18:00:00Z,97.015,97.055,96.975,97.055
2026-02-18T18:05:00Z,97.015,97.025,97.005,97.015
2026-02-18T18:10:00Z,97.015,97.015,97.005,97.015
2026-02-18T18:15:00Z,97.01,97.015,97.005,97.015
2026-02-18T18:20:00Z,97.015,97.015,97.005,97.005
2026-02-18T18:25:00Z,97.015,97.015,97.005,97.015
2026-02-18T18:30:00Z,97,97.015,97,97.015
2026-02-18T18:35:00Z,97,97.005,96.995,97
2026-02-18T18:40:00Z,97.005,97.005,96.99,96.995
2026-02-18T18:45:00Z,96.995,97.005,96.99,97.005
2026-02-18T18:50:00Z,96.99,96.995,96.99,96.995
2026-02-18T18:55:00Z,97,97,96.985,96.995
2026-02-18T19:00:00Z,97.005,97.005,96.97,97
2026-02-18T19:05:00Z,97.02,97.02,96.995,97.005
2026-02-18T19:10:00Z,97.03,97.03,97.015,97.015
2026-02-18T19:15:00Z,97.045,97.045,97.025,97.025
2026-02-18T19:20:00Z,97.03,97.045,97.025,97.045
2026-02-18T19:25:00Z,97.025,97.03,97.025,97.03
2026-02-18T19:30:00Z,97.02,97.025,97.015,97.025
2026-02-18T19:35:00Z,97.025,97.03,97.015,97.015
2026-02-18T19:40:00Z,97.02,97.03,97.015,97.025
2026-02-18T19:45:00Z,97.035,97.035,97.015,97.015
2026-02-18T19:50:00Z,97.035,97.035,97.03,97.035
2026-02-18T19:55:00Z,97.025,97.035,97.025,97.035
2026-02-18T20:00:00Z,97.015,97.025,97.01,97.025
2026-02-18T20:05:00Z,97.015,97.02,97.015,97.015
2026-02-18T20:10:00Z,97.015,97.015,97.005,97.015
2026-02-18T20:15:00Z,97.005,97.015,96.99,97.015
2026-02-18T20:20:00Z,97,97.005,97,97
2026-02-18T20:25:00Z,96.99,97.005,96.99,97.005
2026-02-18T20:30:00Z,96.99,96.995,96.98,96.995
2026-02-18T20:35:00Z,96.99,96.99,96.985,96.985
2026-02-18T20:40:00Z,96.99,97,96.985,96.985
2026-02-18T20:45:00Z,96.98,96.995,96.975,96.99
2026-02-18T20:50:00Z,96.975,96.985,96.975,96.975
2026-02-18T20:55:00Z,96.995,96.995,96.97,96.975
2026-02-19T14:30:00Z,96.965,96.97,96.945,96.96
2026-02-19T14:35:00Z,96.965,97.015,96.965,96.965
2026-02-19T14:40:00Z,96.965,96.985,96.96,96.965
2026-02-19T14:45:00Z,96.975,96.98,96.96,96.965
2026-02-19T14:50:00Z,96.975,96.975,96.955,96.975
2026-02-19T14:55:00Z,96.98,96.985,96.955,96.975
2026-02-19T15:00:00Z,96.975,97.015,96.965,96.985
2026-02-19T15:05:00Z,96.995,96.995,96.965,96.975
2026-02-19T15:10:00Z,96.975,96.995,96.965,96.995
2026-02-19T15:15:00Z,96.98,96.995,96.965,96.975
2026-02-19T15:20:00Z,96.975,96.995,96.975,96.985
2026-02-19T15:25:00Z,96.985,96.985,96.975,96.975
2026-02-19T15:30:00Z,96.965,96.985,96.96,96.985
2026-02-19T15:35:00Z,96.96,96.97,96.955,96.965
2026-02-19T15:40:00Z,96.955,96.965,96.955,96.965
2026-02-19T15:45:00Z,96.955,96.955,96.945,96.955
2026-02-19T15:50:00Z,96.965,96.975,96.955,96.955
2026-02-19T15:55:00Z,96.975,96.975,96.965,96.965
2026-02-19T16:00:00Z,96.99,96.99,96.975,96.975
2026-02-19T16:05:00Z,96.995,97.01,96.985,96.985
2026-02-19T16:10:00Z,97.015,97.015,96.995,96.995
2026-02-19T16:15:00Z,97.005,97.015,97.005,97.015
2026-02-19T16:20:00Z,97.005,97.005,97.005,97.005
2026-02-19T16:25:00Z,97.01,97.015,97.005,97.005
2026-02-19T16:30:00Z,96.995,97.025,96.995,97.005
2026-02-19T16:35:00Z,97.005,97.005,96.995,96.995
2026-02-19T16:40:00Z,97.005,97.01,97,97.005
2026-02-19T16:45:00Z,97.005,97.005,97.005,97.005
2026-02-19T16:50:00Z,97.005,97.015,96.99,97.005
2026-02-19T16:55:00Z,97.005,97.015,97.005,97.005
2026-02-19T17:00:00Z,97.015,97.02,97.005,97.005
2026-02-19T17:05:00Z,97.025,97.025,97.015,97.015
2026-02-19T17:10:00Z,97.025,97.025,97.025,97.025
2026-02-19T17:15:00Z,97.015,97.025,97.015,97.025
2026-02-19T17:20:00Z,97.015,97.025,97.015,97.015
2026-02-19T17:25:00Z,97.015,97.02,97.005,97.015
2026-02-19T17:30:00Z,97.01,97.015,97.005,97.015
2026-02-19T17:35:00Z,97.005,97.005,97.005,97.005
2026-02-19T17:40:00Z,97.005,97.005,97,97.005
2026-02-19T17:45:00Z,97.015,97.015,97.005,97.005
2026-02-19T17:50:00Z,97.025,97.025,97.005,97.015
2026-02-19T17:55:00Z,97.015,97.025,97.015,97.025
2026-02-19T18:00:00Z,97.045,97.055,97.01,97.015
2026-02-19T18:05:00Z,97.055,97.055,97.035,97.045
2026-02-19T18:10:00Z,97.055,97.065,97.055,97.055
2026-02-19T18:15:00Z,97.065,97.07,97.055,97.055
2026-02-19T18:20:00Z,97.09,97.09,97.065,97.065
2026-02-19T18:25:00Z,97.105,97.105,97.09,97.09
2026-02-19T18:30:00Z,97.105,97.105,97.09,97.105
2026-02-19T18:35:00Z,97.115,97.12,97.105,97.105
2026-02-19T18:40:00Z,97.125,97.125,97.115,97.115
2026-02-19T18:45:00Z,97.105,97.125,97.105,97.125
2026-02-19T18:50:00Z,97.115,97.115,97.105,97.105
2026-02-19T18:55:00Z,97.115,97.125,97.115,97.115
2026-02-19T19:00:00Z,97.115,97.115,97.115,97.115
2026-02-19T19:05:00Z,97.135,97.135,97.115,97.115
2026-02-19T19:10:00Z,97.125,97.135,97.125,97.135
2026-02-19T19:15:00Z,97.115,97.125,97.105,97.125
2026-02-19T19:20:00Z,97.105,97.115,97.1,97.115
2026-02-19T19:25:00Z,97.115,97.115,97.1,97.105
2026-02-19T19:30:00Z,97.085,97.115,97.085,97.115
2026-02-19T19:35:00Z,97.045,97.085,97.045,97.085
2026-02-19T19:40:00Z,97.065,97.065,97.045,97.045
2026-02-19T19:45:00Z,97.055,97.065,97.045,97.065
2026-02-19T19:50:00Z,97.065,97.065,97.055,97.055
2026-02-19T19:55:00Z,97.06,97.065,97.06,97.065
2026-02-19T20:00:00Z,97.075,97.075,97.07,97.07
2026-02-19T20:05:00Z,97.085,97.085,97.075,97.075
2026-02-19T20:10:00Z,97.08,97.085,97.08,97.085
2026-02-19T20:15:00Z,97.075,97.085,97.075,97.085
2026-02-19T20:20:00Z,97.075,97.075,97.075,97.075
2026-02-19T20:25:00Z,97.075,97.075,97.075,97.075
2026-02-19T20:30:00Z,97.075,97.075,97.075,97.075
2026-02-19T20:35:00Z,97.075,97.075,97.07,97.075
2026-02-19T20:40:00Z,97.07,97.075,97.07,97.075
2026-02-19T20:45:00Z,97.07,97.075,97.065,97.075
2026-02-19T20:50:00Z,97.08,97.08,97.065,97.065
2026-02-19T20:55:00Z,97.075,97.085,97.075,97.075
2026-02-20T14:30:00Z,97.105,97.125,97.105,97.12
2026-02-20T14:35:00Z,97.115,97.135,97.095,97.105
2026-02-20T14:40:00Z,97.105,97.115,97.095,97.115
2026-02-20T14:45:00Z,97.105,97.135,97.075,97.105
2026-02-20T14:50:00Z,97.085,97.115,97.075,97.105
2026-02-20T14:55:00Z,97.085,97.1,97.055,97.085
2026-02-20T15:00:00Z,96.975,97.085,96.885,97.065
2026-02-20T15:05:00Z,97.005,97.075,96.975,96.975
2026-02-20T15:10:00Z,96.985,97.005,96.955,97.005
2026-02-20T15:15:00Z,96.975,96.995,96.925,96.975
2026-02-20T15:20:00Z,96.975,97.015,96.965,96.975
2026-02-20T15:25:00Z,97.005,97.025,96.965,96.975
2026-02-20T15:30:00Z,97.035,97.05,96.99,97.005
2026-02-20T15:35:00Z,97.035,97.045,97.015,97.035
2026-02-20T15:40:00Z,97.045,97.055,97.025,97.04
2026-02-20T15:45:00Z,96.995,97.045,96.995,97.045
2026-02-20T15:50:00Z,96.98,97.005,96.975,96.995
2026-02-20T15:55:00Z,96.975,96.99,96.965,96.985
2026-02-20T16:00:00Z,96.975,96.985,96.955,96.975
2026-02-20T16:05:00Z,97.005,97.005,96.975,96.975
2026-02-20T16:10:00Z,97.015,97.015,97,97.005
2026-02-20T16:15:00Z,97.035,97.035,97.015,97.015
2026-02-20T16:20:00Z,97.055,97.055,97.035,97.035
2026-02-20T16:25:00Z,97.035,97.055,97.03,97.055
2026-02-20T16:30:00Z,97.025,97.045,97.01,97.035
2026-02-20T16:35:00Z,97.005,97.025,96.995,97.025
2026-02-20T16:40:00Z,96.985,97.005,96.975,97.005
2026-02-20T16:45:00Z,96.975,96.985,96.97,96.985
2026-02-20T16:50:00Z,96.975,96.975,96.965,96.975
2026-02-20T16:55:00Z,96.975,96.975,96.96,96.975
2026-02-20T17:00:00Z,96.995,96.995,96.965,96.975
2026-02-20T17:05:00Z,96.995,96.995,96.985,96.995
2026-02-20T17:10:00Z,97.005,97.005,96.985,96.995
2026-02-20T17:15:00Z,97.015,97.025,97.005,97.005
2026-02-20T17:20:00Z,97.025,97.035,97.015,97.015
2026-02-20T17:25:00Z,97.025,97.035,97.025,97.025
2026-02-20T17:30:00Z,97.005,97.025,97.005,97.025
2026-02-20T17:35:00Z,97.005,97.015,97.005,97.005
2026-02-20T17:40:00Z,97.015,97.025,97.005,97.005
2026-02-20T17:45:00Z,97,97.025,97,97.015
2026-02-20T17:50:00Z,96.985,97.005,96.985,97.005
2026-02-20T17:55:00Z,96.995,96.995,96.985,96.985
2026-02-20T18:00:00Z,96.975,96.995,96.97,96.99
2026-02-20T18:05:00Z,96.955,96.975,96.955,96.975
2026-02-20T18:10:00Z,96.955,96.965,96.955,96.955
2026-02-20T18:15:00Z,96.975,96.975,96.955,96.955
2026-02-20T18:20:00Z,97,97,96.975,96.975
2026-02-20T18:25:00Z,96.995,97.005,96.985,96.995
2026-02-20T18:30:00Z,97.015,97.015,96.995,96.995
2026-02-20T18:35:00Z,97.015,97.075,97.015,97.015
2026-02-20T18:40:00Z,96.985,97.025,96.985,97.015
2026-02-20T18:45:00Z,97.015,97.015,96.985,96.985
2026-02-20T18:50:00Z,97.02,97.02,97.005,97.015
2026-02-20T18:55:00Z,97.025,97.035,97.025,97.025
2026-02-20T19:00:00Z,97.015,97.025,97.005,97.025
2026-02-20T19:05:00Z,97.005,97.015,96.995,97.015
2026-02-20T19:10:00Z,97.025,97.025,97.005,97.005
2026-02-20T19:15:00Z,97.045,97.045,97.025,97.025
2026-02-20T19:20:00Z,97.025,97.045,97.025,97.045
2026-02-20T19:25:00Z,97.025,97.035,97.025,97.025
2026-02-20T19:30:00Z,97.035,97.035,97.02,97.025
2026-02-20T19:35:00Z,97.025,97.035,97.02,97.035
2026-02-20T19:40:00Z,97.015,97.025,97.015,97.025
2026-02-20T19:45:00Z,97.015,97.015,97.01,97.015
2026-02-20T19:50:00Z,97.025,97.025,97.01,97.015
2026-02-20T19:55:00Z,97.045,97.045,97.015,97.025
2026-02-20T20:00:00Z,97.045,97.05,97.04,97.045
2026-02-20T20:05:00Z,97.07,97.07,97.045,97.045
2026-02-20T20:10:00Z,97.075,97.08,97.07,97.07
2026-02-20T20:15:00Z,97.075,97.075,97.065,97.075
2026-02-20T20:20:00Z,97.065,97.075,97.065,97.075
2026-02-20T20:25:00Z,97.06,97.065,97.06,97.065
2026-02-20T20:30:00Z,97.075,97.075,97.055,97.065
2026-02-20T20:35:00Z,97.075,97.075,97.065,97.075
2026-02-20T20:40:00Z,97.08,97.08,97.065,97.075
2026-02-20T20:45:00Z,97.075,97.075,97.075,97.075
2026-02-20T20:50:00Z,97.075,97.085,97.075,97.075
2026-02-20T20:55:00Z,97.075,97.075,97.075,97.075
