symbol,timestamp,open,volume
SPY,2025-11-12T08:00:00Z,684.03,103683
SPY,2025-11-12T08:05:00Z,685.37,24688
SPY,2025-11-12T08:10:00Z,685.46,11870
SPY,2025-11-12T08:15:00Z,685.45,6612
SPY,2025-11-12T08:20:00Z,685.32,16283
SPY,2025-11-12T08:25:00Z,685.21,11523
SPY,2025-11-12T08:30:00Z,685.16,8285
SPY,2025-11-12T08:35:00Z,685.12,20414
SPY,2025-11-12T08:40:00Z,685.235,11972
SPY,2025-11-12T08:45:00Z,685.14,20396
SPY,2025-11-12T08:50:00Z,685.25,13766
SPY,2025-11-12T08:55:00Z,685.335,4863
SPY,2025-11-12T09:00:00Z,685.22,15478
SPY,2025-11-12T09:05:00Z,685.03,9806
SPY,2025-11-12T09:10:00Z,684.96,14465
SPY,2025-11-12T09:15:00Z,685.01,11668
SPY,2025-11-12T09:20:00Z,685.05,9640
SPY,2025-11-12T09:25:00Z,685.09,36454
SPY,2025-11-12T09:30:00Z,684.79,1581912
SPY,2025-11-12T09:35:00Z,684.23,1161040
SPY,2025-11-12T09:40:00Z,684.815,981297
SPY,2025-11-12T09:45:00Z,684.16,1436060
SPY,2025-11-12T09:50:00Z,683.3,1229562
SPY,2025-11-12T09:55:00Z,683.54,754490
SPY,2025-11-12T10:00:00Z,683.73,932414
SPY,2025-11-12T10:05:00Z,683.94,677114
SPY,2025-11-12T10:10:00Z,684.04,727926
SPY,2025-11-12T10:15:00Z,683.14,752728
SPY,2025-11-12T10:20:00Z,683.08,434786
SPY,2025-11-12T10:25:00Z,683.01,716060
SPY,2025-11-12T10:30:00Z,683.2,754742
SPY,2025-11-12T10:35:00Z,682.55,967996
SPY,2025-11-12T10:40:00Z,682.715,592256
SPY,2025-11-12T10:45:00Z,682.85,489969
SPY,2025-11-12T10:50:00Z,682.61,414471
SPY,2025-11-12T10:55:00Z,682.16,564088
SPY,2025-11-12T11:00:00Z,682.33,517899
SPY,2025-11-12T11:05:00Z,682.02,487075
SPY,2025-11-12T11:10:00Z,681.86,819933
SPY,2025-11-12T11:15:00Z,681.4605,578810
SPY,2025-11-12T11:20:00Z,682.02,397814
SPY,2025-11-12T11:25:00Z,681.73,546685
SPY,2025-11-12T11:30:00Z,682.4,683390
SPY,2025-11-12T11:35:00Z,682.44,500662
SPY,2025-11-12T11:40:00Z,682.57,381264
SPY,2025-11-12T11:45:00Z,682.12,659963
SPY,2025-11-12T11:50:00Z,681.3,587828
SPY,2025-11-12T11:55:00Z,681.52,447662
SPY,2025-11-12T12:00:00Z,681.76,442263
SPY,2025-11-12T12:05:00Z,681.96,462022
SPY,2025-11-12T12:10:00Z,682.15,441621
SPY,2025-11-12T12:15:00Z,682.4,645744
SPY,2025-11-12T12:20:00Z,681.99,1101022
SPY,2025-11-12T12:25:00Z,682.47,240846
SPY,2025-11-12T12:30:00Z,682.47,388133
SPY,2025-11-12T12:35:00Z,682.695,577731
SPY,2025-11-12T12:40:00Z,683.485,595796
SPY,2025-11-12T12:45:00Z,683.38,561951
SPY,2025-11-12T12:50:00Z,683.02,407282
SPY,2025-11-12T12:55:00Z,683.065,347235
SPY,2025-11-12T13:00:00Z,683.64,438622
SPY,2025-11-12T13:05:00Z,683.7003,368411
SPY,2025-11-12T13:10:00Z,683.15,276940
SPY,2025-11-12T13:15:00Z,683.67,560053
SPY,2025-11-12T13:20:00Z,683.8,333357
SPY,2025-11-12T13:25:00Z,683.54,458704
SPY,2025-11-12T13:30:00Z,683.5,463483
SPY,2025-11-12T13:35:00Z,683.68,538435
SPY,2025-11-12T13:40:00Z,683.94,454695
SPY,2025-11-12T13:45:00Z,683.62,311788
SPY,2025-11-12T13:50:00Z,683.37,248409
SPY,2025-11-12T13:55:00Z,683.61,250892
SPY,2025-11-12T14:00:00Z,683.64,563228
SPY,2025-11-12T14:05:00Z,683.58,370440
SPY,2025-11-12T14:10:00Z,683.55,476821
SPY,2025-11-12T14:15:00Z,682.98,680085
SPY,2025-11-12T14:20:00Z,682.96,447171
SPY,2025-11-12T14:25:00Z,682.85,421908
SPY,2025-11-12T14:30:00Z,682.74,834771
SPY,2025-11-12T14:35:00Z,682.65,477149
SPY,2025-11-12T14:40:00Z,683,413670
SPY,2025-11-12T14:45:00Z,682.89,426648
SPY,2025-11-12T14:50:00Z,682.82,569678
SPY,2025-11-12T14:55:00Z,683.1,651778
SPY,2025-11-12T15:00:00Z,682.8,522856
SPY,2025-11-12T15:05:00Z,682.63,1180721
SPY,2025-11-12T15:10:00Z,682.54,524930
SPY,2025-11-12T15:15:00Z,682.63,530547
SPY,2025-11-12T15:20:00Z,683.01,746679
SPY,2025-11-12T15:25:00Z,682.945,557077
SPY,2025-11-12T15:30:00Z,683.34,1040978
SPY,2025-11-12T15:35:00Z,683.805,1001399
SPY,2025-11-12T15:40:00Z,683.37,785323
SPY,2025-11-12T15:45:00Z,683.7,1229206
SPY,2025-11-12T15:50:00Z,683.38,1915775
SPY,2025-11-12T15:55:00Z,683.5,4927047
SPY,2025-11-12T16:00:00Z,683.3,3626588
SPY,2025-11-12T16:05:00Z,683.53,607660
SPY,2025-11-12T16:10:00Z,683.38,3726147
SPY,2025-11-12T16:15:00Z,683.58,631408
SPY,2025-11-12T16:20:00Z,683.31,45230
SPY,2025-11-12T16:25:00Z,683.37,92001
SPY,2025-11-12T16:30:00Z,683.5007,108160
SPY,2025-11-12T16:35:00Z,683.4,180144
SPY,2025-11-12T16:40:00Z,683.4503,8111
SPY,2025-11-12T16:45:00Z,683.48,12575
SPY,2025-11-12T16:50:00Z,683.34,19171
SPY,2025-11-12T16:55:00Z,683.01,428740
SPY,2025-11-13T08:00:00Z,684.1912,109177
SPY,2025-11-13T08:05:00Z,682.0402,10471
SPY,2025-11-13T08:10:00Z,682.16,22668
SPY,2025-11-13T08:15:00Z,682.31,18017
SPY,2025-11-13T08:20:00Z,681.9892,67924
SPY,2025-11-13T08:25:00Z,681.99,16497
SPY,2025-11-13T08:30:00Z,682,66722
SPY,2025-11-13T08:35:00Z,681.045,62032
SPY,2025-11-13T08:40:00Z,681.07,45852
SPY,2025-11-13T08:45:00Z,681.02,32052
SPY,2025-11-13T08:50:00Z,681.405,22271
SPY,2025-11-13T08:55:00Z,681.48,45016
SPY,2025-11-13T09:00:00Z,680.9,35177
SPY,2025-11-13T09:05:00Z,680.82,80824
SPY,2025-11-13T09:10:00Z,680.13,73253
SPY,2025-11-13T09:15:00Z,680.4297,30527
SPY,2025-11-13T09:20:00Z,680.4197,86389
SPY,2025-11-13T09:25:00Z,680.77,177396
SPY,2025-11-13T09:30:00Z,680.5,1783160
SPY,2025-11-13T09:35:00Z,680.07,1724491
SPY,2025-11-13T09:40:00Z,678.8446,1545793
SPY,2025-11-13T09:45:00Z,677.78,1380842
SPY,2025-11-13T09:50:00Z,678.18,1091988
SPY,2025-11-13T09:55:00Z,678.54,690104
SPY,2025-11-13T10:00:00Z,678.78,1022388
SPY,2025-11-13T10:05:00Z,678.17,1053441
SPY,2025-11-13T10:10:00Z,679.97,1077205
SPY,2025-11-13T10:15:00Z,680.44,986897
SPY,2025-11-13T10:20:00Z,680.04,795086
SPY,2025-11-13T10:25:00Z,679.71,730479
SPY,2025-11-13T10:30:00Z,678.95,1042060
SPY,2025-11-13T10:35:00Z,677.79,1295060
SPY,2025-11-13T10:40:00Z,677.72,1078214
SPY,2025-11-13T10:45:00Z,677.24,1474385
SPY,2025-11-13T10:50:00Z,676.21,1112394
SPY,2025-11-13T10:55:00Z,675.62,1660525
SPY,2025-11-13T11:00:00Z,676.48,1035792
SPY,2025-11-13T11:05:00Z,675.83,1010408
SPY,2025-11-13T11:10:00Z,676.01,815596
SPY,2025-11-13T11:15:00Z,675.89,769236
SPY,2025-11-13T11:20:00Z,675.61,857686
SPY,2025-11-13T11:25:00Z,675.25,918603
SPY,2025-11-13T11:30:00Z,675.72,804454
SPY,2025-11-13T11:35:00Z,676.375,1151387
SPY,2025-11-13T11:40:00Z,674.82,820755
SPY,2025-11-13T11:45:00Z,674.51,695114
SPY,2025-11-13T11:50:00Z,674.99,667124
SPY,2025-11-13T11:55:00Z,674.79,651478
SPY,2025-11-13T12:00:00Z,675.195,635907
SPY,2025-11-13T12:05:00Z,675.57,845991
SPY,2025-11-13T12:10:00Z,674.73,617658
SPY,2025-11-13T12:15:00Z,674.55,1988694
SPY,2025-11-13T12:20:00Z,675.13,716176
SPY,2025-11-13T12:25:00Z,675.75,815180
SPY,2025-11-13T12:30:00Z,675.9,752191
SPY,2025-11-13T12:35:00Z,676.17,598738
SPY,2025-11-13T12:40:00Z,676.14,491559
SPY,2025-11-13T12:45:00Z,675.13,858807
SPY,2025-11-13T12:50:00Z,674.85,666731
SPY,2025-11-13T12:55:00Z,674.83,664075
SPY,2025-11-13T13:00:00Z,674.16,671669
SPY,2025-11-13T13:05:00Z,674.2,693891
SPY,2025-11-13T13:10:00Z,674.1,525961
SPY,2025-11-13T13:15:00Z,674.49,871399
SPY,2025-11-13T13:20:00Z,673.65,679289
SPY,2025-11-13T13:25:00Z,673.51,1701511
SPY,2025-11-13T13:30:00Z,672.82,937785
SPY,2025-11-13T13:35:00Z,672.46,1164747
SPY,2025-11-13T13:40:00Z,671.8,1533988
SPY,2025-11-13T13:45:00Z,672.54,800587
SPY,2025-11-13T13:50:00Z,672.51,1246252
SPY,2025-11-13T13:55:00Z,672.33,750681
SPY,2025-11-13T14:00:00Z,672.68,885055
SPY,2025-11-13T14:05:00Z,672.08,801831
SPY,2025-11-13T14:10:00Z,672.15,662564
SPY,2025-11-13T14:15:00Z,671.74,516736
SPY,2025-11-13T14:20:00Z,671.95,866836
SPY,2025-11-13T14:25:00Z,672.67,1863432
SPY,2025-11-13T14:30:00Z,673.51,1206241
SPY,2025-11-13T14:35:00Z,673.29,1247719
SPY,2025-11-13T14:40:00Z,672.75,700043
SPY,2025-11-13T14:45:00Z,672.41,741868
SPY,2025-11-13T14:50:00Z,671.87,975357
SPY,2025-11-13T14:55:00Z,671.39,1283936
SPY,2025-11-13T15:00:00Z,671.68,1120242
SPY,2025-11-13T15:05:00Z,671.28,774154
SPY,2025-11-13T15:10:00Z,671.88,879165
SPY,2025-11-13T15:15:00Z,671.62,1426879
SPY,2025-11-13T15:20:00Z,671.17,1448351
SPY,2025-11-13T15:25:00Z,671.24,1085619
SPY,2025-11-13T15:30:00Z,671.62,1091788
SPY,2025-11-13T15:35:00Z,672,1315106
SPY,2025-11-13T15:40:00Z,672.66,2007851
SPY,2025-11-13T15:45:00Z,672.335,1974806
SPY,2025-11-13T15:50:00Z,671.55,2727978
SPY,2025-11-13T15:55:00Z,670.81,6170244
SPY,2025-11-13T16:00:00Z,672.06,4194002
SPY,2025-11-13T16:05:00Z,672.96,1102161
SPY,2025-11-13T16:10:00Z,672.04,10216900
SPY,2025-11-13T16:15:00Z,673.53,114985
SPY,2025-11-13T16:20:00Z,673.44,347045
SPY,2025-11-13T16:25:00Z,672.91,36014
SPY,2025-11-13T16:30:00Z,673.05,117123
SPY,2025-11-13T16:35:00Z,672.66,342034
SPY,2025-11-13T16:40:00Z,672.535,40259
SPY,2025-11-13T16:45:00Z,672.565,183734
SPY,2025-11-13T16:50:00Z,672.36,41824
SPY,2025-11-13T16:55:00Z,672.16,763200
SPY,2025-11-14T08:00:00Z,665.7385,247011
SPY,2025-11-14T08:05:00Z,666.22,39503
SPY,2025-11-14T08:10:00Z,665.75,77595
SPY,2025-11-14T08:15:00Z,665.98,34664
SPY,2025-11-14T08:20:00Z,665.17,99030
SPY,2025-11-14T08:25:00Z,664.71,162069
SPY,2025-11-14T08:30:00Z,665,119599
SPY,2025-11-14T08:35:00Z,664.51,63140
SPY,2025-11-14T08:40:00Z,664.31,86672
SPY,2025-11-14T08:45:00Z,664.28,119322
SPY,2025-11-14T08:50:00Z,665.38,89146
SPY,2025-11-14T08:55:00Z,665.53,49414
SPY,2025-11-14T09:00:00Z,665.43,74939
SPY,2025-11-14T09:05:00Z,665.99,171709
SPY,2025-11-14T09:10:00Z,666.04,39645
SPY,2025-11-14T09:15:00Z,665.53,36904
SPY,2025-11-14T09:20:00Z,666.06,41268
SPY,2025-11-14T09:25:00Z,666,124345
SPY,2025-11-14T09:30:00Z,665.38,4272797
SPY,2025-11-14T09:35:00Z,663.605,2821945
SPY,2025-11-14T09:40:00Z,665.97,1940259
SPY,2025-11-14T09:45:00Z,666.7,2258023
SPY,2025-11-14T09:50:00Z,667.85,1850850
SPY,2025-11-14T09:55:00Z,668.05,1669443
SPY,2025-11-14T10:00:00Z,668.68,1527929
SPY,2025-11-14T10:05:00Z,667.6,1222317
SPY,2025-11-14T10:10:00Z,668.36,1576347
SPY,2025-11-14T10:15:00Z,667.52,1317131
SPY,2025-11-14T10:20:00Z,668.4,1101428
SPY,2025-11-14T10:25:00Z,668.21,1395217
SPY,2025-11-14T10:30:00Z,669.78,1357067
SPY,2025-11-14T10:35:00Z,669.755,1447893
SPY,2025-11-14T10:40:00Z,670.89,1248179
SPY,2025-11-14T10:45:00Z,671.04,1816956
SPY,2025-11-14T10:50:00Z,672.28,946961
SPY,2025-11-14T10:55:00Z,672.31,3277134
SPY,2025-11-14T11:00:00Z,672.25,1519573
SPY,2025-11-14T11:05:00Z,671.36,1071887
SPY,2025-11-14T11:10:00Z,671.72,1214010
SPY,2025-11-14T11:15:00Z,672.13,721520
SPY,2025-11-14T11:20:00Z,672.96,1015335
SPY,2025-11-14T11:25:00Z,673.96,1256088
SPY,2025-11-14T11:30:00Z,674.4,988045
SPY,2025-11-14T11:35:00Z,673.81,654059
SPY,2025-11-14T11:40:00Z,674.73,722405
SPY,2025-11-14T11:45:00Z,673.93,746772
SPY,2025-11-14T11:50:00Z,674.105,645185
SPY,2025-11-14T11:55:00Z,674.52,823366
SPY,2025-11-14T12:00:00Z,674.715,573455
SPY,2025-11-14T12:05:00Z,674.82,536199
SPY,2025-11-14T12:10:00Z,674.94,673398
SPY,2025-11-14T12:15:00Z,675.28,511147
SPY,2025-11-14T12:20:00Z,675.289,528355
SPY,2025-11-14T12:25:00Z,675.03,704266
SPY,2025-11-14T12:30:00Z,675.055,634525
SPY,2025-11-14T12:35:00Z,674.7,701455
SPY,2025-11-14T12:40:00Z,675.485,592295
SPY,2025-11-14T12:45:00Z,674.78,733418
SPY,2025-11-14T12:50:00Z,673.96,1279605
SPY,2025-11-14T12:55:00Z,674.17,797394
SPY,2025-11-14T13:00:00Z,674.05,1355741
SPY,2025-11-14T13:05:00Z,672.59,899017
SPY,2025-11-14T13:10:00Z,673.29,876810
SPY,2025-11-14T13:15:00Z,674.26,559461
SPY,2025-11-14T13:20:00Z,673.05,722259
SPY,2025-11-14T13:25:00Z,672.64,593110
SPY,2025-11-14T13:30:00Z,673.11,785508
SPY,2025-11-14T13:35:00Z,673.35,637214
SPY,2025-11-14T13:40:00Z,672.23,1174267
SPY,2025-11-14T13:45:00Z,671.66,719416
SPY,2025-11-14T13:50:00Z,671.88,860417
SPY,2025-11-14T13:55:00Z,673.54,916539
SPY,2025-11-14T14:00:00Z,673.25,703459
SPY,2025-11-14T14:05:00Z,672.99,932551
SPY,2025-11-14T14:10:00Z,672.62,751767
SPY,2025-11-14T14:15:00Z,673.1,672761
SPY,2025-11-14T14:20:00Z,673.16,783814
SPY,2025-11-14T14:25:00Z,674.31,725432
SPY,2025-11-14T14:30:00Z,674.02,648949
SPY,2025-11-14T14:35:00Z,673.85,463217
SPY,2025-11-14T14:40:00Z,674.23,564302
SPY,2025-11-14T14:45:00Z,674.14,658042
SPY,2025-11-14T14:50:00Z,674.2,1267179
SPY,2025-11-14T14:55:00Z,674.49,636287
SPY,2025-11-14T15:00:00Z,674.64,735535
SPY,2025-11-14T15:05:00Z,674.81,978555
SPY,2025-11-14T15:10:00Z,673.99,596244
SPY,2025-11-14T15:15:00Z,673.71,778183
SPY,2025-11-14T15:20:00Z,673.01,1210667
SPY,2025-11-14T15:25:00Z,672.64,794247
SPY,2025-11-14T15:30:00Z,672.64,753947
SPY,2025-11-14T15:35:00Z,672.85,920208
SPY,2025-11-14T15:40:00Z,672.58,1141279
SPY,2025-11-14T15:45:00Z,672.06,1717214
SPY,2025-11-14T15:50:00Z,671.2,1696685
SPY,2025-11-14T15:55:00Z,671.67,4346419
SPY,2025-11-14T16:00:00Z,671.95,2876688
SPY,2025-11-14T16:05:00Z,671.7703,510299
SPY,2025-11-14T16:10:00Z,671.93,4135629
SPY,2025-11-14T16:15:00Z,672.58,80933
SPY,2025-11-14T16:20:00Z,672.85,174907
SPY,2025-11-14T16:25:00Z,672.8107,34019
SPY,2025-11-14T16:30:00Z,672.81,75412
SPY,2025-11-14T16:35:00Z,672.66,12462
SPY,2025-11-14T16:40:00Z,672.5199,29436
SPY,2025-11-14T16:45:00Z,672.63,8559
SPY,2025-11-14T16:50:00Z,672.72,7955
SPY,2025-11-14T16:55:00Z,672.62,42691
SPY,2025-11-17T08:00:00Z,676.1688,178288
SPY,2025-11-17T08:05:00Z,671.84,42828
SPY,2025-11-17T08:10:00Z,671.445,70528
SPY,2025-11-17T08:15:00Z,671.05,45309
SPY,2025-11-17T08:20:00Z,671.5193,29522
SPY,2025-11-17T08:25:00Z,671.34,35457
SPY,2025-11-17T08:30:00Z,671.42,32360
SPY,2025-11-17T08:35:00Z,670.865,32784
SPY,2025-11-17T08:40:00Z,670.66,85317
SPY,2025-11-17T08:45:00Z,670.22,50815
SPY,2025-11-17T08:50:00Z,670.1,48349
SPY,2025-11-17T08:55:00Z,670.39,70304
SPY,2025-11-17T09:00:00Z,671,36646
SPY,2025-11-17T09:05:00Z,670.61,31457
SPY,2025-11-17T09:10:00Z,670.42,67065
SPY,2025-11-17T09:15:00Z,670.015,37190
SPY,2025-11-17T09:20:00Z,670.29,36481
SPY,2025-11-17T09:25:00Z,670.06,140959
SPY,2025-11-17T09:30:00Z,669.7,2298128
SPY,2025-11-17T09:35:00Z,671.14,1475567
SPY,2025-11-17T09:40:00Z,672.61,1214423
SPY,2025-11-17T09:45:00Z,671.99,1022143
SPY,2025-11-17T09:50:00Z,672.8,1033790
SPY,2025-11-17T09:55:00Z,673.5,927656
SPY,2025-11-17T10:00:00Z,672.76,929254
SPY,2025-11-17T10:05:00Z,671.55,1131288
SPY,2025-11-17T10:10:00Z,670.89,877435
SPY,2025-11-17T10:15:00Z,671.74,798713
SPY,2025-11-17T10:20:00Z,670.76,781718
SPY,2025-11-17T10:25:00Z,671.33,720061
SPY,2025-11-17T10:30:00Z,672.04,786352
SPY,2025-11-17T10:35:00Z,670.97,818805
SPY,2025-11-17T10:40:00Z,670.59,1104919
SPY,2025-11-17T10:45:00Z,671.69,760095
SPY,2025-11-17T10:50:00Z,671.18,629849
SPY,2025-11-17T10:55:00Z,671.16,1311870
SPY,2025-11-17T11:00:00Z,670.71,964540
SPY,2025-11-17T11:05:00Z,670.28,994806
SPY,2025-11-17T11:10:00Z,669.23,1185556
SPY,2025-11-17T11:15:00Z,668.67,1202987
SPY,2025-11-17T11:20:00Z,668.1,1104221
SPY,2025-11-17T11:25:00Z,668.6,995278
SPY,2025-11-17T11:30:00Z,670.48,1257997
SPY,2025-11-17T11:35:00Z,670.85,653790
SPY,2025-11-17T11:40:00Z,671.24,750926
SPY,2025-11-17T11:45:00Z,671.73,555252
SPY,2025-11-17T11:50:00Z,672.09,522661
SPY,2025-11-17T11:55:00Z,672.5,573789
SPY,2025-11-17T12:00:00Z,672.94,435389
SPY,2025-11-17T12:05:00Z,672.53,398026
SPY,2025-11-17T12:10:00Z,672.59,364153
SPY,2025-11-17T12:15:00Z,672.43,399215
SPY,2025-11-17T12:20:00Z,672.1,438136
SPY,2025-11-17T12:25:00Z,672.23,380016
SPY,2025-11-17T12:30:00Z,672.33,452456
SPY,2025-11-17T12:35:00Z,672.33,471804
SPY,2025-11-17T12:40:00Z,671.5255,649607
SPY,2025-11-17T12:45:00Z,670.92,859847
SPY,2025-11-17T12:50:00Z,670.78,624972
SPY,2025-11-17T12:55:00Z,669.72,543743
SPY,2025-11-17T13:00:00Z,669.24,902984
SPY,2025-11-17T13:05:00Z,668.56,613985
SPY,2025-11-17T13:10:00Z,668.57,799701
SPY,2025-11-17T13:15:00Z,669,463299
SPY,2025-11-17T13:20:00Z,669.09,410965
SPY,2025-11-17T13:25:00Z,668.76,330497
SPY,2025-11-17T13:30:00Z,668.7,553960
SPY,2025-11-17T13:35:00Z,668.39,448160
SPY,2025-11-17T13:40:00Z,668.44,474970
SPY,2025-11-17T13:45:00Z,668.81,825981
SPY,2025-11-17T13:50:00Z,669.12,565538
SPY,2025-11-17T13:55:00Z,668.14,1314286
SPY,2025-11-17T14:00:00Z,666.57,1342265
SPY,2025-11-17T14:05:00Z,666.15,1235123
SPY,2025-11-17T14:10:00Z,666.4,1084815
SPY,2025-11-17T14:15:00Z,665.98,973063
SPY,2025-11-17T14:20:00Z,665.75,740158
SPY,2025-11-17T14:25:00Z,665.73,1042529
SPY,2025-11-17T14:30:00Z,665.83,1042999
SPY,2025-11-17T14:35:00Z,664.92,1167830
SPY,2025-11-17T14:40:00Z,664.03,1392940
SPY,2025-11-17T14:45:00Z,664.52,1022043
SPY,2025-11-17T14:50:00Z,664.12,932329
SPY,2025-11-17T14:55:00Z,663.87,1393783
SPY,2025-11-17T15:00:00Z,662.77,1538480
SPY,2025-11-17T15:05:00Z,662.68,1301341
SPY,2025-11-17T15:10:00Z,662.87,1402304
SPY,2025-11-17T15:15:00Z,662.77,1388673
SPY,2025-11-17T15:20:00Z,663.11,1139409
SPY,2025-11-17T15:25:00Z,663.66,1424022
SPY,2025-11-17T15:30:00Z,663.77,1403227
SPY,2025-11-17T15:35:00Z,663.31,1261186
SPY,2025-11-17T15:40:00Z,663.34,1311489
SPY,2025-11-17T15:45:00Z,664.03,2381763
SPY,2025-11-17T15:50:00Z,664.91,2757589
SPY,2025-11-17T15:55:00Z,664.73,5375737
SPY,2025-11-17T16:00:00Z,665.68,3798420
SPY,2025-11-17T16:05:00Z,665.84,582569
SPY,2025-11-17T16:10:00Z,665.67,5482644
SPY,2025-11-17T16:15:00Z,666.33,605891
SPY,2025-11-17T16:20:00Z,666.27,230573
SPY,2025-11-17T16:25:00Z,666.19,327612
SPY,2025-11-17T16:30:00Z,665.96,44178
SPY,2025-11-17T16:35:00Z,665.9492,73195
SPY,2025-11-17T16:40:00Z,665.67,31093
SPY,2025-11-17T16:45:00Z,665.72,30679
SPY,2025-11-17T16:50:00Z,665.9,19125
SPY,2025-11-17T16:55:00Z,666.01,589872
SPY,2025-11-18T08:00:00Z,665.5674,195812
SPY,2025-11-18T08:05:00Z,662.63,210212
SPY,2025-11-18T08:10:00Z,662.7,33430
SPY,2025-11-18T08:15:00Z,662.57,63319
SPY,2025-11-18T08:20:00Z,662.3292,27615
SPY,2025-11-18T08:25:00Z,662.3,43483
SPY,2025-11-18T08:30:00Z,662.16,55427
SPY,2025-11-18T08:35:00Z,662.66,35361
SPY,2025-11-18T08:40:00Z,662.4111,18055
SPY,2025-11-18T08:45:00Z,662.25,23382
SPY,2025-11-18T08:50:00Z,662.39,19593
SPY,2025-11-18T08:55:00Z,663.01,47663
SPY,2025-11-18T09:00:00Z,662.55,51230
SPY,2025-11-18T09:05:00Z,662.619,46188
SPY,2025-11-18T09:10:00Z,662.6995,39133
SPY,2025-11-18T09:15:00Z,662.43,26017
SPY,2025-11-18T09:20:00Z,662.34,37817
SPY,2025-11-18T09:25:00Z,662.31,205299
SPY,2025-11-18T09:30:00Z,662.095,4065434
SPY,2025-11-18T09:35:00Z,662.9,2402318
SPY,2025-11-18T09:40:00Z,663.12,2045574
SPY,2025-11-18T09:45:00Z,661.85,2661938
SPY,2025-11-18T09:50:00Z,660.97,2647029
SPY,2025-11-18T09:55:00Z,659.78,2273443
SPY,2025-11-18T10:00:00Z,658.64,2432008
SPY,2025-11-18T10:05:00Z,657.05,2719306
SPY,2025-11-18T10:10:00Z,658.87,1950254
SPY,2025-11-18T10:15:00Z,658.8,1775309
SPY,2025-11-18T10:20:00Z,657.97,1962935
SPY,2025-11-18T10:25:00Z,659.31,1193555
SPY,2025-11-18T10:30:00Z,659.08,3389424
SPY,2025-11-18T10:35:00Z,658.69,1827617
SPY,2025-11-18T10:40:00Z,658.36,1221439
SPY,2025-11-18T10:45:00Z,658.22,1036000
SPY,2025-11-18T10:50:00Z,657.93,1152113
SPY,2025-11-18T10:55:00Z,658.03,1025202
SPY,2025-11-18T11:00:00Z,657.23,2054080
SPY,2025-11-18T11:05:00Z,656.63,1146728
SPY,2025-11-18T11:10:00Z,658.34,1452167
SPY,2025-11-18T11:15:00Z,658.82,1021248
SPY,2025-11-18T11:20:00Z,659.22,1106279
SPY,2025-11-18T11:25:00Z,660.26,1511796
SPY,2025-11-18T11:30:00Z,661.56,1433451
SPY,2025-11-18T11:35:00Z,661.43,1296039
SPY,2025-11-18T11:40:00Z,661.22,740651
SPY,2025-11-18T11:45:00Z,661.89,970320
SPY,2025-11-18T11:50:00Z,661.43,823103
SPY,2025-11-18T11:55:00Z,661.332,537556
SPY,2025-11-18T12:00:00Z,661.14,553487
SPY,2025-11-18T12:05:00Z,661.17,861098
SPY,2025-11-18T12:10:00Z,660.54,605083
SPY,2025-11-18T12:15:00Z,659.92,954706
SPY,2025-11-18T12:20:00Z,660.07,617815
SPY,2025-11-18T12:25:00Z,659.74,845764
SPY,2025-11-18T12:30:00Z,658.61,1003961
SPY,2025-11-18T12:35:00Z,658.94,989964
SPY,2025-11-18T12:40:00Z,661.13,1308795
SPY,2025-11-18T12:45:00Z,662.81,1136778
SPY,2025-11-18T12:50:00Z,663.12,868050
SPY,2025-11-18T12:55:00Z,663.53,1060901
SPY,2025-11-18T13:00:00Z,663.72,939936
SPY,2025-11-18T13:05:00Z,663.74,911222
SPY,2025-11-18T13:10:00Z,663.91,723893
SPY,2025-11-18T13:15:00Z,663.84,813915
SPY,2025-11-18T13:20:00Z,663.98,1573262
SPY,2025-11-18T13:25:00Z,664.08,563885
SPY,2025-11-18T13:30:00Z,663.35,559563
SPY,2025-11-18T13:35:00Z,664.39,818916
SPY,2025-11-18T13:40:00Z,664.04,1191012
SPY,2025-11-18T13:45:00Z,663.865,828840
SPY,2025-11-18T13:50:00Z,664.38,515822
SPY,2025-11-18T13:55:00Z,664.43,1159535
SPY,2025-11-18T14:00:00Z,663.05,962535
SPY,2025-11-18T14:05:00Z,663.04,619109
SPY,2025-11-18T14:10:00Z,663.73,567262
SPY,2025-11-18T14:15:00Z,663.97,662823
SPY,2025-11-18T14:20:00Z,664.05,607369
SPY,2025-11-18T14:25:00Z,663.07,685946
SPY,2025-11-18T14:30:00Z,662.93,679248
SPY,2025-11-18T14:35:00Z,662.76,891499
SPY,2025-11-18T14:40:00Z,664.59,1042681
SPY,2025-11-18T14:45:00Z,663.47,859943
SPY,2025-11-18T14:50:00Z,664.11,902472
SPY,2025-11-18T14:55:00Z,663.25,837618
SPY,2025-11-18T15:00:00Z,664.43,1326227
SPY,2025-11-18T15:05:00Z,663.7,820037
SPY,2025-11-18T15:10:00Z,663.24,836826
SPY,2025-11-18T15:15:00Z,663.15,980413
SPY,2025-11-18T15:20:00Z,662.77,776282
SPY,2025-11-18T15:25:00Z,662.57,1340232
SPY,2025-11-18T15:30:00Z,662.42,1040026
SPY,2025-11-18T15:35:00Z,661.79,1268509
SPY,2025-11-18T15:40:00Z,662.3899,1133811
SPY,2025-11-18T15:45:00Z,661.65,1842300
SPY,2025-11-18T15:50:00Z,660.92,3208728
SPY,2025-11-18T15:55:00Z,661.29,7909566
SPY,2025-11-18T16:00:00Z,660.16,5429214
SPY,2025-11-18T16:05:00Z,659.77,913107
SPY,2025-11-18T16:10:00Z,660.08,1702196
SPY,2025-11-18T16:15:00Z,659.72,389637
SPY,2025-11-18T16:20:00Z,660.08,145814
SPY,2025-11-18T16:25:00Z,659.32,171893
SPY,2025-11-18T16:30:00Z,659.47,519709
SPY,2025-11-18T16:35:00Z,659.42,42146
SPY,2025-11-18T16:40:00Z,659.61,22275
SPY,2025-11-18T16:45:00Z,659.26,13460
SPY,2025-11-18T16:50:00Z,659.315,14249
SPY,2025-11-18T16:55:00Z,659.39,38380
SPY,2025-11-19T08:00:00Z,662.72,157331
SPY,2025-11-19T08:05:00Z,662.25,28424
SPY,2025-11-19T08:10:00Z,662.08,26721
SPY,2025-11-19T08:15:00Z,661.66,18662
SPY,2025-11-19T08:20:00Z,661.9992,16594
SPY,2025-11-19T08:25:00Z,661.8525,36074
SPY,2025-11-19T08:30:00Z,662.31,72208
SPY,2025-11-19T08:35:00Z,662.2087,22577
SPY,2025-11-19T08:40:00Z,662.105,31817
SPY,2025-11-19T08:45:00Z,662.06,16620
SPY,2025-11-19T08:50:00Z,662.1391,43348
SPY,2025-11-19T08:55:00Z,661.96,42168
SPY,2025-11-19T09:00:00Z,661.77,52247
SPY,2025-11-19T09:05:00Z,661.61,79360
SPY,2025-11-19T09:10:00Z,660.9405,50519
SPY,2025-11-19T09:15:00Z,660.89,44900
SPY,2025-11-19T09:20:00Z,660.95,19751
SPY,2025-11-19T09:25:00Z,661.09,71213
SPY,2025-11-19T09:30:00Z,660.78,2349877
SPY,2025-11-19T09:35:00Z,661.4,1829881
SPY,2025-11-19T09:40:00Z,662.18,1276271
SPY,2025-11-19T09:45:00Z,663,1447801
SPY,2025-11-19T09:50:00Z,663.54,1247184
SPY,2025-11-19T09:55:00Z,664.5,1578627
SPY,2025-11-19T10:00:00Z,665.67,1630036
SPY,2025-11-19T10:05:00Z,666.15,1397604
SPY,2025-11-19T10:10:00Z,666.18,1310881
SPY,2025-11-19T10:15:00Z,666.555,1416274
SPY,2025-11-19T10:20:00Z,666.61,1017531
SPY,2025-11-19T10:25:00Z,666.58,1271468
SPY,2025-11-19T10:30:00Z,666.27,993736
SPY,2025-11-19T10:35:00Z,666.16,813638
SPY,2025-11-19T10:40:00Z,665.64,781119
SPY,2025-11-19T10:45:00Z,665.52,836270
SPY,2025-11-19T10:50:00Z,664.71,1120632
SPY,2025-11-19T10:55:00Z,664.04,1395312
SPY,2025-11-19T11:00:00Z,662.9603,1486273
SPY,2025-11-19T11:05:00Z,663.03,1239010
SPY,2025-11-19T11:10:00Z,662.41,866169
SPY,2025-11-19T11:15:00Z,662.29,976473
SPY,2025-11-19T11:20:00Z,662.4,1208286
SPY,2025-11-19T11:25:00Z,661.65,1026952
SPY,2025-11-19T11:30:00Z,662.02,633101
SPY,2025-11-19T11:35:00Z,661.99,697348
SPY,2025-11-19T11:40:00Z,661.225,1031012
SPY,2025-11-19T11:45:00Z,661.61,1042247
SPY,2025-11-19T11:50:00Z,661.31,683821
SPY,2025-11-19T11:55:00Z,661.83,861731
SPY,2025-11-19T12:00:00Z,662.5,996816
SPY,2025-11-19T12:05:00Z,661.08,956718
SPY,2025-11-19T12:10:00Z,661.0101,617088
SPY,2025-11-19T12:15:00Z,660.76,596098
SPY,2025-11-19T12:20:00Z,660.84,553447
SPY,2025-11-19T12:25:00Z,660.92,962591
SPY,2025-11-19T12:30:00Z,661.18,923229
SPY,2025-11-19T12:35:00Z,660.16,1580441
SPY,2025-11-19T12:40:00Z,659.08,1592858
SPY,2025-11-19T12:45:00Z,661.01,862395
SPY,2025-11-19T12:50:00Z,660.52,734183
SPY,2025-11-19T12:55:00Z,661.41,693298
SPY,2025-11-19T13:00:00Z,661.34,593550
SPY,2025-11-19T13:05:00Z,662.05,809139
SPY,2025-11-19T13:10:00Z,662.01,877437
SPY,2025-11-19T13:15:00Z,662.28,716560
SPY,2025-11-19T13:20:00Z,661.55,706015
SPY,2025-11-19T13:25:00Z,662.195,1047548
SPY,2025-11-19T13:30:00Z,661.01,777476
SPY,2025-11-19T13:35:00Z,661.66,1179098
SPY,2025-11-19T13:40:00Z,662.62,905983
SPY,2025-11-19T13:45:00Z,661.6,582820
SPY,2025-11-19T13:50:00Z,661.05,695709
SPY,2025-11-19T13:55:00Z,662.31,737548
SPY,2025-11-19T14:00:00Z,662.55,1323972
SPY,2025-11-19T14:05:00Z,661.93,893411
SPY,2025-11-19T14:10:00Z,661.75,637524
SPY,2025-11-19T14:15:00Z,661.8,541034
SPY,2025-11-19T14:20:00Z,661.2606,493228
SPY,2025-11-19T14:25:00Z,660.93,978298
SPY,2025-11-19T14:30:00Z,659.79,743402
SPY,2025-11-19T14:35:00Z,659.88,590561
SPY,2025-11-19T14:40:00Z,659.49,608332
SPY,2025-11-19T14:45:00Z,659.74,851986
SPY,2025-11-19T14:50:00Z,659.94,832416
SPY,2025-11-19T14:55:00Z,661.42,937959
SPY,2025-11-19T15:00:00Z,661.25,712681
SPY,2025-11-19T15:05:00Z,661.59,600182
SPY,2025-11-19T15:10:00Z,661.75,774053
SPY,2025-11-19T15:15:00Z,662.33,1371465
SPY,2025-11-19T15:20:00Z,664.02,1719352
SPY,2025-11-19T15:25:00Z,663.4,810046
SPY,2025-11-19T15:30:00Z,663.5,1034637
SPY,2025-11-19T15:35:00Z,663.44,1469105
SPY,2025-11-19T15:40:00Z,664.01,1118386
SPY,2025-11-19T15:45:00Z,663.6,1569246
SPY,2025-11-19T15:50:00Z,662.1,2224403
SPY,2025-11-19T15:55:00Z,663.01,3153005
SPY,2025-11-19T16:00:00Z,662.65,2472382
SPY,2025-11-19T16:05:00Z,662.45,420854
SPY,2025-11-19T16:10:00Z,662.63,5113715
SPY,2025-11-19T16:15:00Z,662.63,1334541
SPY,2025-11-19T16:20:00Z,663.01,933162
SPY,2025-11-19T16:25:00Z,664.38,301226
SPY,2025-11-19T16:30:00Z,664.6407,308194
SPY,2025-11-19T16:35:00Z,666.01,363062
SPY,2025-11-19T16:40:00Z,665.34,407636
SPY,2025-11-19T16:45:00Z,666.72,97872
SPY,2025-11-19T16:50:00Z,666.37,78824
SPY,2025-11-19T16:55:00Z,665.9,63935
SPY,2025-11-20T08:00:00Z,669.95,138803
SPY,2025-11-20T08:05:00Z,671.27,46569
SPY,2025-11-20T08:10:00Z,671.14,111764
SPY,2025-11-20T08:15:00Z,671.19,120887
SPY,2025-11-20T08:20:00Z,670.7,124467
SPY,2025-11-20T08:25:00Z,670.5,40630
SPY,2025-11-20T08:30:00Z,670.68,341784
SPY,2025-11-20T08:35:00Z,671.88,125453
SPY,2025-11-20T08:40:00Z,671.93,82598
SPY,2025-11-20T08:45:00Z,672.28,83034
SPY,2025-11-20T08:50:00Z,673.14,137376
SPY,2025-11-20T08:55:00Z,673.485,78984
SPY,2025-11-20T09:00:00Z,673.22,51420
SPY,2025-11-20T09:05:00Z,673.34,63380
SPY,2025-11-20T09:10:00Z,672.95,37406
SPY,2025-11-20T09:15:00Z,672.85,50290
SPY,2025-11-20T09:20:00Z,673.22,40223
SPY,2025-11-20T09:25:00Z,672.97,105159
SPY,2025-11-20T09:30:00Z,672.91,3879268
SPY,2025-11-20T09:35:00Z,673.35,2187914
SPY,2025-11-20T09:40:00Z,673.66,1988438
SPY,2025-11-20T09:45:00Z,673.62,1902456
SPY,2025-11-20T09:50:00Z,674.1,1388198
SPY,2025-11-20T09:55:00Z,674.24,1219360
SPY,2025-11-20T10:00:00Z,674.92,1335645
SPY,2025-11-20T10:05:00Z,674.95,1438206
SPY,2025-11-20T10:10:00Z,673.27,1406682
SPY,2025-11-20T10:15:00Z,673.18,1306375
SPY,2025-11-20T10:20:00Z,674.03,1061356
SPY,2025-11-20T10:25:00Z,674.755,1074440
SPY,2025-11-20T10:30:00Z,674.83,933197
SPY,2025-11-20T10:35:00Z,674.65,901271
SPY,2025-11-20T10:40:00Z,675.29,647065
SPY,2025-11-20T10:45:00Z,675.23,1701870
SPY,2025-11-20T10:50:00Z,674.095,816412
SPY,2025-11-20T10:55:00Z,673.38,1109680
SPY,2025-11-20T11:00:00Z,672.78,1474205
SPY,2025-11-20T11:05:00Z,671.68,1739174
SPY,2025-11-20T11:10:00Z,671.07,1374537
SPY,2025-11-20T11:15:00Z,669.95,2817717
SPY,2025-11-20T11:20:00Z,668.45,2182858
SPY,2025-11-20T11:25:00Z,667.99,2754773
SPY,2025-11-20T11:30:00Z,667.89,2052080
SPY,2025-11-20T11:35:00Z,667.01,2342701
SPY,2025-11-20T11:40:00Z,665.8,2896911
SPY,2025-11-20T11:45:00Z,664.42,2775803
SPY,2025-11-20T11:50:00Z,664.54,3007904
SPY,2025-11-20T11:55:00Z,662.93,3815751
SPY,2025-11-20T12:00:00Z,660.19,3953543
SPY,2025-11-20T12:05:00Z,661.58,2573894
SPY,2025-11-20T12:10:00Z,660.25,2914714
SPY,2025-11-20T12:15:00Z,659.48,3260938
SPY,2025-11-20T12:20:00Z,657.945,3037101
SPY,2025-11-20T12:25:00Z,658.13,2727651
SPY,2025-11-20T12:30:00Z,658.55,2262211
SPY,2025-11-20T12:35:00Z,657.48,2731302
SPY,2025-11-20T12:40:00Z,658.18,1850590
SPY,2025-11-20T12:45:00Z,656.28,1977246
SPY,2025-11-20T12:50:00Z,655.88,1823496
SPY,2025-11-20T12:55:00Z,656.14,1606161
SPY,2025-11-20T13:00:00Z,657.29,2535537
SPY,2025-11-20T13:05:00Z,658.45,2103273
SPY,2025-11-20T13:10:00Z,659.95,1836556
SPY,2025-11-20T13:15:00Z,661.82,2151235
SPY,2025-11-20T13:20:00Z,660.16,1209251
SPY,2025-11-20T13:25:00Z,659.08,950137
SPY,2025-11-20T13:30:00Z,659.55,1094006
SPY,2025-11-20T13:35:00Z,658.74,1268058
SPY,2025-11-20T13:40:00Z,657.1,1020228
SPY,2025-11-20T13:45:00Z,656.31,1139695
SPY,2025-11-20T13:50:00Z,655.63,1842460
SPY,2025-11-20T13:55:00Z,654.36,1650616
SPY,2025-11-20T14:00:00Z,655.04,1272200
SPY,2025-11-20T14:05:00Z,654.39,1420526
SPY,2025-11-20T14:10:00Z,655.21,2449665
SPY,2025-11-20T14:15:00Z,655.34,948372
SPY,2025-11-20T14:20:00Z,655.72,841514
SPY,2025-11-20T14:25:00Z,655.36,1018690
SPY,2025-11-20T14:30:00Z,656.98,1171073
SPY,2025-11-20T14:35:00Z,655.88,1095838
SPY,2025-11-20T14:40:00Z,655.65,1473917
SPY,2025-11-20T14:45:00Z,656.6,612550
SPY,2025-11-20T14:50:00Z,655.79,824198
SPY,2025-11-20T14:55:00Z,656.76,2839151
SPY,2025-11-20T15:00:00Z,658.12,1832864
SPY,2025-11-20T15:05:00Z,656.2,1243273
SPY,2025-11-20T15:10:00Z,656.31,1148047
SPY,2025-11-20T15:15:00Z,656.29,1539140
SPY,2025-11-20T15:20:00Z,656.68,1070509
SPY,2025-11-20T15:25:00Z,656.01,1926940
SPY,2025-11-20T15:30:00Z,656.2,1582734
SPY,2025-11-20T15:35:00Z,655.12,2291204
SPY,2025-11-20T15:40:00Z,653.95,2591797
SPY,2025-11-20T15:45:00Z,653.37,3214651
SPY,2025-11-20T15:50:00Z,652.01,3523974
SPY,2025-11-20T15:55:00Z,653,6136619
SPY,2025-11-20T16:00:00Z,652.52,4861944
SPY,2025-11-20T16:05:00Z,652.37,1504863
SPY,2025-11-20T16:10:00Z,652.53,2892142
SPY,2025-11-20T16:15:00Z,652.31,736630
SPY,2025-11-20T16:20:00Z,652.32,3010120
SPY,2025-11-20T16:25:00Z,652.3905,1116086
SPY,2025-11-20T16:30:00Z,652.43,92032
SPY,2025-11-20T16:35:00Z,652.45,51761
SPY,2025-11-20T16:40:00Z,652.081,44406
SPY,2025-11-20T16:45:00Z,652.17,95879
SPY,2025-11-20T16:50:00Z,652.27,69705
SPY,2025-11-20T16:55:00Z,652.0205,641270
SPY,2025-11-21T08:00:00Z,655.2488,377857
SPY,2025-11-21T08:05:00Z,654.4007,64105
SPY,2025-11-21T08:10:00Z,654.8407,70034
SPY,2025-11-21T08:15:00Z,655.35,197264
SPY,2025-11-21T08:20:00Z,656.325,131904
SPY,2025-11-21T08:25:00Z,655.69,158219
SPY,2025-11-21T08:30:00Z,655.07,57694
SPY,2025-11-21T08:35:00Z,655.41,85275
SPY,2025-11-21T08:40:00Z,656.09,41629
SPY,2025-11-21T08:45:00Z,656.39,52737
SPY,2025-11-21T08:50:00Z,655.88,85095
SPY,2025-11-21T08:55:00Z,656.14,42133
SPY,2025-11-21T09:00:00Z,655.91,137034
SPY,2025-11-21T09:05:00Z,655.4888,59759
SPY,2025-11-21T09:10:00Z,656.04,36960
SPY,2025-11-21T09:15:00Z,655.73,28027
SPY,2025-11-21T09:20:00Z,655.33,75882
SPY,2025-11-21T09:25:00Z,655.1,173575
SPY,2025-11-21T09:30:00Z,655.05,3421330
SPY,2025-11-21T09:35:00Z,655.455,2295028
SPY,2025-11-21T09:40:00Z,654.61,1725965
SPY,2025-11-21T09:45:00Z,654.35,2133444
SPY,2025-11-21T09:50:00Z,654.66,1891116
SPY,2025-11-21T09:55:00Z,656.14,1198354
SPY,2025-11-21T10:00:00Z,654.57,1881220
SPY,2025-11-21T10:05:00Z,653.92,1534460
SPY,2025-11-21T10:10:00Z,654.31,1451748
SPY,2025-11-21T10:15:00Z,653.72,1926750
SPY,2025-11-21T10:20:00Z,654.26,2060248
SPY,2025-11-21T10:25:00Z,655.12,1603604
SPY,2025-11-21T10:30:00Z,653.09,1397782
SPY,2025-11-21T10:35:00Z,652.74,2344265
SPY,2025-11-21T10:40:00Z,651.41,2073282
SPY,2025-11-21T10:45:00Z,652.87,1241401
SPY,2025-11-21T10:50:00Z,654.05,1207024
SPY,2025-11-21T10:55:00Z,654.14,1420697
SPY,2025-11-21T11:00:00Z,652.72,830973
SPY,2025-11-21T11:05:00Z,651.87,1095976
SPY,2025-11-21T11:10:00Z,652.87,1216841
SPY,2025-11-21T11:15:00Z,653.29,768385
SPY,2025-11-21T11:20:00Z,652.24,1072419
SPY,2025-11-21T11:25:00Z,654.79,1200726
SPY,2025-11-21T11:30:00Z,655.92,1575162
SPY,2025-11-21T11:35:00Z,655.79,1925207
SPY,2025-11-21T11:40:00Z,656.98,883961
SPY,2025-11-21T11:45:00Z,657.35,815110
SPY,2025-11-21T11:50:00Z,657.63,3618844
SPY,2025-11-21T11:55:00Z,658.72,1814635
SPY,2025-11-21T12:00:00Z,660.63,1623128
SPY,2025-11-21T12:05:00Z,660.29,1105947
SPY,2025-11-21T12:10:00Z,660.95,1319579
SPY,2025-11-21T12:15:00Z,660.57,1003456
SPY,2025-11-21T12:20:00Z,659.86,1137353
SPY,2025-11-21T12:25:00Z,660.79,768075
SPY,2025-11-21T12:30:00Z,660.3825,718246
SPY,2025-11-21T12:35:00Z,660.78,878373
SPY,2025-11-21T12:40:00Z,660.66,663113
SPY,2025-11-21T12:45:00Z,661.16,781712
SPY,2025-11-21T12:50:00Z,661.13,691239
SPY,2025-11-21T12:55:00Z,660.5,887227
SPY,2025-11-21T13:00:00Z,660.21,1080635
SPY,2025-11-21T13:05:00Z,658.55,1385953
SPY,2025-11-21T13:10:00Z,658.41,1354723
SPY,2025-11-21T13:15:00Z,657.55,816760
SPY,2025-11-21T13:20:00Z,657.38,776087
SPY,2025-11-21T13:25:00Z,657.65,485334
SPY,2025-11-21T13:30:00Z,658.35,993554
SPY,2025-11-21T13:35:00Z,659.455,1372566
SPY,2025-11-21T13:40:00Z,660.58,636643
SPY,2025-11-21T13:45:00Z,660.77,2034506
SPY,2025-11-21T13:50:00Z,663.04,1652876
SPY,2025-11-21T13:55:00Z,662.47,948187
SPY,2025-11-21T14:00:00Z,662.2352,909407
SPY,2025-11-21T14:05:00Z,663.12,1347847
SPY,2025-11-21T14:10:00Z,663.7,1003544
SPY,2025-11-21T14:15:00Z,663.24,822900
SPY,2025-11-21T14:20:00Z,663.615,1095948
SPY,2025-11-21T14:25:00Z,664.22,679225
SPY,2025-11-21T14:30:00Z,664.21,1759577
SPY,2025-11-21T14:35:00Z,663.06,877475
SPY,2025-11-21T14:40:00Z,663.97,876141
SPY,2025-11-21T14:45:00Z,662.56,934743
SPY,2025-11-21T14:50:00Z,662.41,903050
SPY,2025-11-21T14:55:00Z,661.58,1131448
SPY,2025-11-21T15:00:00Z,661.73,1056389
SPY,2025-11-21T15:05:00Z,661.76,743269
SPY,2025-11-21T15:10:00Z,661.73,867170
SPY,2025-11-21T15:15:00Z,661.68,1290015
SPY,2025-11-21T15:20:00Z,661.73,1118569
SPY,2025-11-21T15:25:00Z,660.8,1511630
SPY,2025-11-21T15:30:00Z,659.6,1595408
SPY,2025-11-21T15:35:00Z,659.98,1336660
SPY,2025-11-21T15:40:00Z,660.5,1340069
SPY,2025-11-21T15:45:00Z,660.02,2029201
SPY,2025-11-21T15:50:00Z,660.44,3391937
SPY,2025-11-21T15:55:00Z,658.96,5902237
SPY,2025-11-21T16:00:00Z,659.08,6089206
SPY,2025-11-21T16:05:00Z,659.84,579294
SPY,2025-11-21T16:10:00Z,659.03,5684576
SPY,2025-11-21T16:15:00Z,659.549,496737
SPY,2025-11-21T16:20:00Z,659.03,70873
SPY,2025-11-21T16:25:00Z,659.09,405638
SPY,2025-11-21T16:30:00Z,659.1902,36529
SPY,2025-11-21T16:35:00Z,659.599,36816
SPY,2025-11-21T16:40:00Z,659.75,28363
SPY,2025-11-21T16:45:00Z,659.99,26836
SPY,2025-11-21T16:50:00Z,659.55,84046
SPY,2025-11-21T16:55:00Z,659.87,45217